Time,Vib_Spindle,Vib_Table,Sound_Spindle,Sound_table,X_Load_Cell,Y_Load_Cell,Z_Load_Cell,Current,tool_wear,ACTION_CODE
0,4.080987531078417,4.906899297857442,1.5672143001420358,1.5839949562423483,0.0070200455260824,0.0408984968858158,0.0800396202640971,4.461216070317555,75.91,0
1,3.94580249210761,5.002285394325318,2.7489352154981495,2.7106028765756807,0.0020862904708084,-0.0215957338058088,0.1323374237224946,5.411787852154632,75.91,0
2,3.9273831202255503,5.021691532012747,2.6689802108052856,4.23616634755347,-0.0077812196421233,0.0007706224559363,0.195818405235933,4.06355490987587,75.91,0
3,4.01980889897324,5.185163584426529,2.659602772651814,2.5376960890810647,-0.0025185475814915,0.0060332945150898,0.1645712899869026,6.067649904998548,75.91,0
4,3.960274855866456,5.110828201951192,2.3050699009367293,2.3794313049151867,0.0070200455260824,0.0103092155625028,0.1593086179443885,4.13262756099272,75.91,0
5,3.8944913852055496,5.013468592280589,2.6263704490797735,2.6332801399773174,0.008664630544335,0.0060332945150898,0.1491121908613586,5.712747575109606,75.91,0
6,3.9721158808502377,4.9746563174203455,2.5480606240481167,2.3075376465222104,0.0152429706165039,0.0004417054522095,0.1425338508072671,4.726981402717587,75.91,0
7,3.9273831202255503,4.987813020638188,1.9543210746661048,3.143116837413872,0.0070200455260824,0.0070200455260824,0.1589797009417241,5.238448241729503,75.91,0
8,3.9306722937616096,5.043400093147245,3.206620246826173,2.4820895391358717,0.0017573734670957,0.0083357135406913,0.1875954801708245,5.024980707919672,75.91,0
9,3.94547357475086,4.941106724790429,2.7645642814098155,2.5781671313014973,0.0139273026021767,0.0093224645516123,0.2132510063735175,4.260247514504733,75.91,0
10,3.744176163913484,4.9960359602141615,2.616170429319052,3.0608585462797446,0.0004417054522095,-0.0449488410983732,0.2385776155737472,5.938385188143072,75.91,0
11,3.9711291287651496,5.004258899840106,2.845177364633364,2.435037846573654,-0.0021896305777327,0.0389249948657496,0.259957220744737,5.117406554213065,75.91,0
12,3.889886542351985,5.0499784450755465,2.637393051261193,1.3515335359509766,0.0024152074745177,-0.0038342155965626,0.2606150547500444,4.023098072686021,75.91,0
13,3.9559989301978327,4.919727082857534,2.310827973982388,2.140389030414436,0.0053754605077442,-0.0298186589064808,0.1524013608882445,5.822606115883445,75.91,0
14,3.934619302013085,4.892426925180075,3.2178073767403794,1.9674823787683304,-0.0054788006154826,0.0047176265003848,0.1856219781551641,3.372170711915541,75.91,0
15,4.120457617492454,4.997680548135351,3.2465977857150774,3.5808956845114173,0.0010995394596596,0.0392539118691011,0.1885822311786492,5.301271513358521,75.91,0
16,3.9398819796956546,5.034519318095257,1.928821048528896,1.9967662811115867,0.0073489625297397,0.009980298558876,0.1882533141760414,5.234830147645605,75.91,0
17,4.086579126596912,5.051294115465087,1.922733945623996,2.2701924308745967,-0.0456066751069184,-0.0005450455589921,0.2168690934020544,4.404313350569268,75.91,0
18,3.906332409741568,5.062806231428794,2.4718895215937935,1.7233402185608646,0.0145851366093469,-0.0012028795664776,0.2928489210149684,5.6808425517256875,75.91,0
19,3.8856106168558906,5.026954213467687,2.8894323068079237,1.6662530781496547,0.0073489625297397,0.0001127884484791,0.2773898218866079,4.400695258633353,75.91,0
20,3.819827148985572,5.0019564767398,3.2085944462053715,2.6400253144967376,0.0017573734670957,0.0024152074745177,0.3652106616648998,5.421655382878265,75.91,0
21,3.8740985098025575,4.894400430536244,2.3313925209430626,1.5241110473935626,0.0060332945150898,-0.0035052985927894,0.3096236881576568,5.394026297049071,75.91,0
22,3.9579724343512663,4.898347441257032,1.7590402474949014,1.3169851332691551,0.0037308754893198,0.0020862904708084,0.3464623924869557,4.403326598222268,75.91,0
23,3.983956905915458,5.322651161477226,2.4307604201358206,3.7309349754772354,-0.0021896305777327,0.0030730414819257,0.2925200040122082,5.878193225816187,75.91,0
24,3.898438393375348,5.008863746052491,1.7287692551363567,5.004790536518952,0.0070200455260824,0.0264261487361995,0.2783765728947227,4.015532973156137,75.91,0
25,4.033952345983416,4.906570380294908,3.1316006758994783,2.916413016695437,-0.0031763815890199,0.0053754605077442,0.0931963003837892,5.849577375988098,93.43,0
26,3.889886542351985,5.01544209781173,2.626205932630738,3.161542696354327,0.0089935475479754,0.0050465435040662,0.2415378685972757,4.04349094984763,93.43,0
27,3.7754233095391783,5.154903162733186,2.8130966465424736,4.899005900538755,-0.0021896305777327,0.0089935475479754,0.2520632126812865,4.379315624639236,93.43,0
28,3.9938244268655367,5.194702195758086,2.299476344306883,1.1871818566645242,0.0277418167500418,-0.0041631326003394,0.2264076864773562,4.888808832034413,93.43,0
29,3.8527188826165175,4.962486367057229,1.8398177371589777,2.5627025864204622,0.0070200455260824,0.0057043775114187,0.2717982328408059,5.684131729354291,93.43,0
30,4.204989389072254,4.973340647105573,1.9977533789607227,1.4222755062356225,0.0050465435040662,-0.0021896305777327,0.2402222005868138,4.221106342127685,93.43,0
31,3.967839955152269,5.052609785855921,3.21385897791973,2.4161184606047086,0.0050465435040662,0.0047176265003848,0.2070015833242295,4.761846660313322,93.43,0
32,3.920804773172053,5.080238864362956,2.427799124925007,1.986237237458069,0.0089935475479754,-0.0064655516268782,0.269824730824711,5.787411911572538,93.43,0
33,3.888570872967466,5.0489916922842415,2.8568580367794585,4.919241528166451,0.0050465435040662,0.0034019584856245,0.259957220744737,3.8389043544177297,93.43,0
34,4.000731691564425,4.928607857158444,2.635583370293035,2.2537407946182557,0.0040597924930116,0.0020862904708084,0.2329860265294001,3.95468326076346,93.43,0
35,3.94547357475086,4.976300905315606,2.4916314911681567,1.1200592542425396,0.0089935475479754,-0.0219246508097883,0.3053477671209103,5.8163566776565885,93.43,0
36,3.920804773172053,5.1374705288144815,2.621434955627002,4.86824116817192,0.0126116345877965,0.0014284564633794,0.3267273723075263,5.36639721183092,93.43,0
37,4.0119148820885195,4.894071512976686,2.7882546557671035,0.552643035144021,0.0001127884484791,0.0103092155625028,0.2842970789436272,4.2576161751553325,93.43,0
38,3.532024504827921,5.183847913903526,2.323989283970604,1.9316178255532173,0.0089935475479754,0.0030730414819257,0.2257498524721579,5.68742090699204,97.08,0
39,3.890544377044614,4.913806566688796,2.4294442889294627,1.7327176453916056,-0.0044920496041198,-0.0094258046612623,0.2264076864773562,5.939700859486432,97.08,0
40,4.0204667337152875,5.057872467432202,2.015521140440219,1.529540082954612,0.0001127884484791,0.0024152074745177,0.2287101054955582,5.601244455887224,97.08,0
41,3.926725285519084,5.019060191292995,1.612291749465051,1.500585226925667,-0.0120571406920773,0.0060332945150898,0.2764030708785029,5.339754880231925,97.08,0
42,3.9211336905241394,5.085172628442382,2.4151313622203694,1.86285001653546,0.0198478086662378,0.0122827175841931,0.2458137896313335,5.316401725836042,97.08,0
43,3.7777257308170102,5.047676021896964,2.5026540910964656,1.6930692272823404,-0.0015317965702258,0.0020862904708084,0.2915332530039356,4.808881867670013,97.08,0
44,3.8102885463456184,4.906570380294908,2.5378606055078525,1.6743143744413953,0.0014284564633794,-0.0410018370474608,0.2560102167129585,4.464176327472199,97.08,0
45,3.775094392214012,5.042742257956191,3.274401096478208,1.7977015706183104,0.0020862904708084,0.0004417054522095,0.3014007630872254,4.29313925673847,97.08,0
46,3.9398819796956546,4.868744861125351,2.2321891516647066,1.6991563287168228,0.009980298558876,0.0060332945150898,0.2823235769272837,4.290178999909585,97.08,0
47,3.8879130382755744,4.979261163532088,1.9276694344626144,1.779604780879162,-0.0038342155965626,0.0020862904708084,0.2852838299518152,4.3826047990806805,97.08,0
48,3.8892287076596026,4.99307570196106,3.5353245498703463,3.5938925071180345,0.0073489625297397,0.0119538005805864,0.3346213803784018,4.321097238173172,97.08,0
49,3.8527188826165175,5.134839187865725,2.7313319522640422,1.738804747065778,0.022479144694374,-0.0002161285552547,0.3020585970928243,4.537196005785489,97.08,0
50,3.8688358323174463,5.119380059898019,2.9545808523539887,2.005814678104624,0.0260972317327312,0.0142562196057634,0.1172072415943031,5.813725335255397,97.08,0
51,4.171110896436504,4.986497350310663,2.053524409302051,1.407962595647953,0.0070200455260824,0.0014284564633794,0.2464716236365814,5.032874730129118,97.08,0
52,3.850087543903724,5.045702516318474,2.6113994523895574,1.480843280047594,-0.0081101366459437,0.0089935475479754,0.2958091740398719,4.239525717245191,97.08,0
53,3.9658664509875536,4.9746563174203455,3.765154469868469,1.6813885732798068,-0.0038342155965626,-0.0008739625627331,0.331003293345775,5.805502390290276,97.08,0
54,3.870151501687257,4.998009465719829,3.186549220226835,1.686982125884133,0.0057043775114187,0.0066911285224216,0.3793540928045955,5.315086055178664,97.08,0
55,3.841535693114005,5.014784262634362,1.771378967473363,1.8980565018389497,0.0010995394596596,0.0014284564633794,0.4184952162195286,5.082541287597743,97.08,0
56,3.8346284290445554,5.063135149029216,2.633773689329989,4.78631157357171,0.0234658957048727,-0.0005450455589921,0.3658684956712888,4.5694299189635,97.08,0
57,4.09217072213412,5.071687006668636,3.0848779660001857,0.9942043821472104,0.0043887094966999,0.0080067965370442,0.3819854288311436,5.396328720844785,97.08,0
58,3.895478137247169,5.135825940720892,2.431418485739932,1.9577759169737612,0.0066911285224216,0.0034019584856245,0.483949700027343,4.599361410397758,97.08,0
59,4.052042801633739,5.21377941863142,2.6166639786585977,2.5288122020947696,0.0017573734670957,-0.0048209666079038,0.4339543153963702,5.2884437246598734,97.08,0
60,3.8181825623198966,5.004258899840106,1.7659499306636386,0.5046043234854803,0.0070200455260824,0.0010995394596596,0.4323097303771775,4.527328481482259,97.08,0
61,3.989877418478688,5.105236602554351,1.5196691092264305,4.934706154978176,-0.0048209666079038,0.0109670495697463,0.3550142345671549,5.559142985845816,97.08,0
62,3.992179840036577,4.5697588364485044,2.546579976185785,1.6935627760459453,0.0063622115187574,0.0004417054522095,0.2793633239028475,4.189201353581469,97.08,0
63,3.883966030129387,5.183847913903526,2.9007839467904524,1.7819080086452896,0.0010995394596596,0.0103092155625028,0.1991075752619249,5.622624109206815,113.87,0
64,3.92935662434644,5.063135149029216,2.721460963754531,1.7712144512059576,0.0152429706165039,0.0014284564633794,0.2787054898974298,5.788727582742494,113.87,0
65,3.8527188826165175,5.028598801426579,1.6604950094081523,1.5509271929932993,0.008664630544335,-0.0064655516268782,0.356000985576511,5.87029919820597,113.87,0
66,3.9043589056466814,5.06445081943171,1.8483725837178877,0.9047075895612812,0.0007706224559363,0.0030730414819257,0.3589612386047098,5.371659894682657,113.87,0
67,3.988890666383397,5.023665037555936,3.3900563049589407,3.49748570495484,0.0264261487361995,0.0014284564633794,0.4392169874584142,4.570416671418732,113.87,0
68,3.91093725263828,4.935186208529492,3.3992692387933907,3.5476633043006967,-0.0100836386689437,0.0020862904708084,0.3451467244747548,4.1642036310340025,113.87,0
69,3.823116322321444,5.070371336259001,1.9857436885399715,3.244788102818076,0.0024152074745177,0.0040597924930116,0.3888926859017055,3.965537533626988,113.87,0
70,4.002047361034046,5.0351771532822776,2.5082476493377146,3.037332677299486,-0.0038342155965626,-0.0084390536497678,0.3566588195827604,3.9352771367225334,113.87,0
71,3.918173434357599,5.182861161012147,2.070305074025112,2.561880004256114,-0.0005450455589921,-0.0183065637662273,0.3612636576267798,4.301033274975844,113.87,0
72,3.791540258545388,5.011166169164575,2.0676728128695894,3.352052954704908,-0.0410018370474608,0.0024152074745177,0.3727757527390033,4.349055220104014,113.87,0
73,3.9701423766806254,5.07300267707957,2.8226386035376674,1.976037226541368,0.0060332945150898,0.009980298558876,0.4129036271574736,5.398631144644748,113.87,0
74,4.099077987235368,5.121024647971068,2.0550050561757267,1.930301695187734,0.0096513815552458,0.0063622115187574,0.3369237993992931,5.664067745961846,113.87,0
75,3.93659280614218,4.924660846350952,1.9018403765087224,1.0771205321235329,0.0001127884484791,-0.0051498836116914,0.1405603487909514,5.700906535402537,124.09,0
76,4.050069297371559,5.115433048531062,3.44845972773366,2.9429001782398583,0.0010995394596596,0.0007706224559363,0.2773898218866079,4.077369439870528,124.09,0
77,3.942513318542918,5.054912209042993,2.052372795068791,2.551844501933531,0.0063622115187574,0.0014284564633794,0.3372527164022859,4.5187766271386325,124.09,0
78,4.038557189221494,5.072015924271248,3.365049771131204,4.347050816350833,0.0057043775114187,0.0093224645516123,0.3852745988645849,5.748928530509346,124.09,0
79,4.046780123606391,4.928936774726248,2.3131312032132745,1.8820984218836705,0.0010995394596596,-0.0255427378538219,0.4392169874584142,6.092318745800253,124.09,0
80,4.056647644921145,4.946698323504825,2.1632568015459284,0.3965172242188022,-0.0012028795664776,0.0142562196057634,0.4418483234897996,3.858968312075012,124.09,0
81,3.839233271754552,5.0667532426392,2.6401898309493186,1.323401265127617,-0.0015317965702258,0.0014284564633794,0.3898794369118912,4.402668763324618,124.09,0
82,4.050069297371559,5.010837251576894,2.3085247447587185,1.0917624717234495,-0.0058077176192775,0.0030730414819257,0.4323097303771775,4.9424223950741135,124.09,0
83,3.877387683238707,5.014455345045799,3.1779943566634694,3.65114433763097,0.0096513815552458,-0.0110703896804937,0.4352699834117912,5.556840561745253,124.09,0
84,3.855350221333204,4.933212703114864,2.8552128716744685,2.2058665351428477,-0.0028474645852539,0.0027441244782235,0.5461150139606518,5.4209975474942524,124.09,0
85,3.8829792780942207,5.223318030173465,2.1301890176038816,2.6666769803687607,0.0020862904708084,0.0165586386307786,0.4247446392900667,5.841683348574958,124.09,0
86,3.9668532030696295,4.910846308613976,2.8348128247532127,3.5211761118533818,0.0076778795333937,0.0089935475479754,0.3957999429735726,5.972921561414734,124.09,0
87,4.37799995486461,5.412445687533771,3.3953208385575304,4.937338431953224,-0.0317921609310143,-0.0028474645852539,0.362579325639446,5.644990516165443,124.09,0
88,3.9060034923922657,5.172664714511645,2.110282541363381,1.6576982331737582,0.0096513815552458,0.0037308754893198,0.2954802570370993,4.719745217285303,135.04,0
89,3.8688358323174463,5.028927719018599,2.0619147416211048,1.596991739084542,0.0080067965370442,0.0037308754893198,0.332647878360575,5.13549702310242,135.04,0
90,4.1401926610515885,5.183190078642523,2.677535066785893,1.9383629937069715,-0.0357391649805222,0.0034019584856245,0.3833010968444857,4.395432579468958,135.04,0
91,3.905345657693848,4.987155185474266,1.9982469278857176,1.430994865640549,-0.0018607135739774,-0.0005450455589921,0.4451374935293778,4.355304651427331,135.04,0
92,3.914226426143349,5.06445081943171,2.5212444466069357,1.7083692390653509,0.0395828288724498,0.0037308754893198,0.4750689409081408,4.3803023769709375,135.04,0
93,3.797789687790487,4.804277022125423,2.4552733643098805,1.82714998374426,-0.0015317965702258,0.0047176265003848,0.4665170987963862,5.292390736553392,135.04,0
94,3.903372153600072,4.835195271071257,2.6039962123961926,1.7544337920761373,-0.0386994180180434,-0.0064655516268782,0.4073120380963899,5.959764847662624,135.04,0
95,3.994153344231518,5.152271821749477,2.9113130043642013,1.7397918446380762,0.0063622115187574,0.0089935475479754,0.5224329895835877,6.271579005707202,135.04,0
96,3.809301794351271,4.956565850703674,1.075639886553192,1.1848786300621297,0.0073489625297397,0.0040597924930116,0.4842786170318208,4.338529862142192,135.04,0
97,3.991522005305436,4.979590081112095,1.7162660194308474,1.5331594400096835,0.0106381325661263,0.0060332945150898,0.528682412680393,4.210252067603318,135.04,0
98,3.986259327465397,5.130563258835224,2.6753963527798685,1.71643053568912,-0.0035052985927894,0.0014284564633794,0.4254024732975659,4.7707274336107615,135.04,0
99,3.825747660994486,5.06971350105467,2.187440704112359,3.9173325422035616,-0.0038342155965626,-0.0048209666079038,0.374749254758566,5.836420663662976,135.04,0
100,3.9767207239214657,4.911833061304876,2.3685732233257037,1.729098287657031,-0.0021896305777327,-0.0015317965702258,0.2010810772775095,5.800239705543265,138.69,0
101,3.7744365575638574,4.922029505818925,2.9169065662782714,4.331750731965913,-0.0015317965702258,0.0017573734670957,0.3089658541519858,4.20235804981313,138.69,0
102,4.035925850226772,5.118722224669373,1.8748597052950713,3.1222232302778625,0.014914053612927,0.0070200455260824,0.3833010968444857,5.399617897703174,138.69,0
103,3.92968554170014,4.9966937953823995,3.0152874583247185,3.057074665187048,0.0145851366093469,-0.0058077176192775,0.3997469470152452,4.452993133807046,138.69,0
104,3.9270542028722866,4.980905751432921,1.6284143412842171,2.9644518447500574,0.0007706224559363,-0.0354102479763739,0.4625700947457835,5.755835803939984,138.69,0
105,3.841206775776759,5.259170053496941,3.078297302957957,4.941615882081751,-0.0005450455589921,-0.0150173937270303,0.4928304591498606,4.0901972178247314,138.69,0
106,3.731019471178105,4.937159713946961,2.498376664237326,1.86893711903785,0.0040597924930116,-0.0640260273533301,0.4632279287541752,6.326508302336749,138.69,0
107,3.9977714352614857,5.081225617177377,2.2955279514172,3.235410655180589,0.0376093268523144,0.0010995394596596,0.4007336980257336,5.688736578049701,138.69,0
108,3.990535253209198,5.219042100852813,2.0217727603083167,1.8301112767349916,-0.0294897419024061,0.0024152074745177,0.4615833437332275,4.8029613519725896,138.69,0
109,3.877387683238707,5.066424325037887,1.0190463234950329,0.3474914173709797,0.0017573734670957,-0.0373837500013257,0.5244064916139535,4.60561084275172,138.69,0
110,3.9721158808502377,5.038466329222214,3.089813463334092,1.6795788945025696,0.0119538005805864,-0.0064655516268782,0.4454664105333569,6.023903828662268,138.69,0
111,3.9398819796956546,5.071687006668636,2.1843148935344794,4.9113446977282615,-0.0021896305777327,0.0014284564633794,0.4428350745016325,4.05862114919103,138.69,0
112,3.98000989755132,4.812828878148788,2.8461644636790284,1.1634915260645726,0.014914053612927,0.0073489625297397,0.3454756414778017,6.034429200254908,138.69,0
113,3.988890666383397,5.104249849722068,2.98205511495,2.935825967272853,-0.0008739625627331,0.0057043775114187,0.2892308339846794,4.0605946534632285,140.15,0
114,3.927712037578877,5.127931917900281,3.447637144265733,4.036607285518521,-0.0064655516268782,-0.0008739625627331,0.3056766841237275,4.465491997320555,140.15,0
115,3.983956905915458,4.8144734658515445,3.592411856423004,2.1066631820997177,0.0024152074745177,0.0109670495697463,0.4023782830432776,5.40060465076238,140.15,0
116,4.003034113136926,5.008205910878332,2.29322472224128,1.9465888085982497,0.0132694685949932,0.0001127884484791,0.4589520076999282,5.257196547599926,140.15,0
117,3.9043589056466814,4.783555217360694,2.376799042696519,2.888938757248493,0.0063622115187574,0.021821310687359,0.4816472809961247,5.347319986678059,140.15,0
118,3.8688358323174463,5.21147699516629,1.910559739938646,2.650225334636911,0.0175453896414504,0.0014284564633794,0.4471109955533115,5.086817216472928,140.15,0
119,3.869164749659807,5.321993326145124,2.4233571821323365,1.1103527997180764,-0.006794468630684,0.0096513815552458,0.4464531615453178,4.982221421755023,140.15,0
120,3.963564029464908,4.933212703114864,2.9489872900722847,2.692341548565457,-0.0002161285552547,0.0014284564633794,0.4948039611775479,5.484149745953648,140.15,0
121,3.9540254260466496,4.904596874921348,1.648320807030645,0.0120430333216149,0.0020862904708084,0.0070200455260824,0.5188149025284013,5.054583291444598,140.15,0
122,4.063883827255374,5.021362614422497,2.275950503649562,0.2830010948001235,0.0047176265003848,0.0070200455260824,0.4484266635693458,4.765464753131507,140.15,0
123,3.991522005305436,5.170033373492196,2.819512790022457,4.127585147359011,0.0080067965370442,-0.0051498836116914,0.4471109955533115,4.707904186656548,140.15,0
124,3.933961467303883,5.259498971146739,1.791120919764722,4.768708229483098,0.020176725669766,0.0043887094966999,0.3569877365858887,4.885519656455654,140.15,0
125,3.879690104647656,4.751979134492284,2.700073822522618,-0.0165827728476484,0.0030730414819257,-0.0018607135739774,0.1922003182073109,4.441481022766729,154.74,0
126,3.8941624678584663,5.070700253861287,3.2992431091483434,3.426249974588444,0.0007706224559363,0.0027441244782235,0.311926107177557,5.592034759189979,154.74,0
127,3.896135971941888,5.2236469478141005,2.132327729956597,0.889078554508213,0.0030730414819257,0.0122827175841931,0.3879059348915465,4.537196005785489,154.74,0
128,3.913897508792564,4.82993259035154,1.5923852843885933,1.9745565798053872,0.0024152074745177,-0.0048209666079038,0.375736005768384,4.936172961237872,154.74,0
129,4.083289952760239,4.949658581656996,2.1876052204589107,4.00814586091441,0.0096513815552458,0.0037308754893198,0.3813275948244896,5.9752239863371805,154.74,0
130,3.883637112784271,4.999654053643416,2.1670406774084703,4.2972021565650325,-0.0058077176192775,0.0024152074745177,0.4592809247040761,3.9625772773847134,154.74,0
131,3.8116042156722574,5.097671497525646,2.653186630837204,2.896671033727678,0.009980298558876,0.0027441244782235,0.437572402438922,5.692354673465822,154.74,0
132,3.9576435169922046,5.038795246816652,1.6634563018998036,1.6947143898286174,0.0043887094966999,-0.0005450455589921,0.4346121494040733,5.237790406440765,154.74,0
133,3.826734412997873,5.2414085005329785,2.1846439262262978,2.9665905597918405,0.0073489625297397,0.0043887094966999,0.5056582223329033,4.9779454932128555,154.74,0
134,3.680695122330511,5.010179416401773,2.944545343593571,1.669543403159119,0.0014284564633794,-0.0298186589064808,0.4862521190587841,3.9494205830359776,154.74,0
135,3.94580249210761,5.094711239047913,1.5520788066222797,4.363831554767988,0.0066911285224216,0.0057043775114187,0.4527025846218963,4.935515126098873,154.74,0
136,4.136903487108688,4.8861774915707805,4.327308772097654,4.933390016498397,-0.0018607135739774,-0.0064655516268782,0.3293587083310248,5.809449403866237,154.74,0
137,3.881663608714859,5.418037288270509,2.860312883514896,0.2004139986743624,-0.0130438917036944,0.0030730414819257,0.3349502973813801,4.012901634197108,154.74,0
138,3.982970153823573,5.01609993298942,2.4241797641288487,4.944412676426081,0.0214923936838468,0.0024152074745177,0.3711311677227751,4.143481835001057,162.04,0
139,3.9494205830359776,5.258183300548054,1.5540530014175709,4.911673732326158,-0.0012028795664776,0.0014284564633794,0.3395551354232946,4.225053351063716,162.04,0
140,4.03954394134557,5.153258574617748,2.3276086442588637,1.5660626864974323,-0.0077812196421233,-0.0018607135739774,0.4207976352453692,4.65856656008194,162.04,0
141,3.8046969517181335,4.828616920174699,2.203398789890123,1.940008156679097,0.0096513815552458,-0.0031763815890199,0.4750689409081408,4.709548774238047,162.04,0
142,3.775752226864405,4.903281204673879,3.1936234344323906,2.766702995723583,0.0020862904708084,0.0057043775114187,0.5188149025284013,4.107629839305184,162.04,0
143,3.822129570320049,4.9841949272405675,3.069413407976917,4.02920402459482,-0.01041255567279,0.0053754605077442,0.356000985576511,4.13262756099272,162.04,0
144,3.86357315484798,5.333505444506269,2.6757253857034,4.96119344298309,-0.0008739625627331,0.0037308754893198,0.4142192951719864,4.57239017633116,162.04,0
145,3.931987963177773,5.070042418656794,2.371863551062675,1.0481656856503003,-0.0002161285552547,-0.0571187702592837,0.4398748214662376,4.265839110636588,162.04,0
146,4.137232404502682,5.22726504186663,2.1255825602481973,1.8674564724795104,-0.0074523026383065,0.0001127884484791,0.5112498114150095,5.2104902422539165,162.04,0
147,3.839891106428379,4.877625635098486,2.3786087229708097,1.285562539223768,0.009980298558876,0.0142562196057634,0.4638857627625836,4.573048011302553,162.04,0
148,3.913568591441841,5.15523208035652,3.3765659378687354,3.692438047417264,0.0027441244782235,0.0139273026021767,0.4497423315854435,4.466807667170048,162.04,0
149,3.981983401732255,5.349622410388065,1.9224049130357257,0.8926979099836112,0.0040597924930116,-0.0021896305777327,0.3770516737815131,4.800658929208084,162.04,0
150,3.927712037578877,5.107210108221125,3.498966355351498,4.539864836259944,0.0020862904708084,0.0070200455260824,0.2925200040122082,5.768992515349505,166.42,0
151,3.9977714352614857,4.935515126098873,1.736007970616262,4.934706154978176,-0.0012028795664776,0.0060332945150898,0.3517250645361229,5.979828836196232,166.42,0
152,3.934290384658452,4.981892504174378,1.6185433666722433,4.927796428016899,0.0070200455260824,0.0037308754893198,0.4602676757165447,5.783464898071609,166.42,0
153,3.9740893850221126,4.871376201555916,1.4262238953924462,3.1730588585169737,-0.0012028795664776,-0.0012028795664776,0.4415194064858631,5.863720841905734,166.42,0
154,4.0619103229793145,4.863482180279159,2.181024566623932,2.947671157778689,0.0126116345877965,-0.0025185475814915,0.5290113296855407,5.912071761596961,166.42,0
155,3.7158892746487218,4.69343181602028,1.3745658049133238,1.4612658497198998,-0.0005450455589921,-0.0018607135739774,0.591176643759811,5.691367920169417,166.42,0
156,3.9234361119904744,5.188123843108146,2.8178676250210244,0.0531720650932523,-0.0012028795664776,0.0004417054522095,0.451386916605655,5.42954940751358,166.42,0
157,3.986259327465397,5.028927719018599,3.715470397142159,4.180559607991507,0.0040597924930116,0.0066911285224216,0.485594285049778,4.696392073638616,166.42,0
158,3.808315042357465,5.0499784450755465,1.3479141794369924,2.7341287323704098,0.0060332945150898,0.0050465435040662,0.5727572914195705,4.376355367647893,166.42,0
159,3.8865973688925295,4.9121619788686655,1.7116595642101329,3.2107331622079243,0.0346490738219144,0.0047176265003848,0.4566495886710081,4.129009469672472,166.42,0
160,3.8056837037099567,5.622624109206815,2.578825197049192,2.8213224715292675,-0.0271873228739953,0.0040597924930116,0.4974352972147294,5.742021257119515,166.42,0
161,3.8941624678584663,5.046360351510981,2.1951729724379074,0.0057914204846707,0.0057043775114187,0.0020862904708084,0.3888926859017055,5.569997270950335,166.42,0
162,3.7843040773411984,5.062148396228196,2.9930777236727533,2.2116246074299037,0.008664630544335,-0.0044920496041198,0.3037031821068482,5.8295133897525115,166.42,0
163,4.044806619350365,5.011495086752336,2.3837087310412577,4.926315772257976,0.0030730414819257,-0.0077812196421233,0.4941461271682999,4.9424223950741135,181.02,0
164,4.019479981602312,5.023993955146751,2.582280042235436,0.7749043439676387,-0.0031763815890199,0.0004417054522095,0.4349410664079304,4.417470048589565,181.02,0
165,4.14545533937389,5.056885714635071,2.1222922335817573,1.5660626864974323,-0.0058077176192775,0.0053754605077442,0.5247354086190327,4.055660892787069,181.02,0
166,4.081316448461341,5.217397512656327,3.0651359771116247,2.758477171480915,0.011295966573363,0.011295966573363,0.4931593761544634,4.311887550116519,181.02,0
167,3.985272575372188,5.092408815792024,2.353931265079157,3.665457296375247,0.0060332945150898,0.0014284564633794,0.4507290825975585,4.772372021264527,181.02,0
168,3.951394087181909,4.999325136058539,3.113503851162527,1.454356168504504,-0.0044920496041198,-0.0018607135739774,0.4017204490362504,5.360147775973121,181.02,0
169,3.7622666165789145,4.9693936361688875,3.892490496462186,4.946715918844832,0.0432009159090966,-0.0008739625627331,0.4260603073050793,5.508489656641544,181.02,0
170,3.806341538371474,4.957552603427483,2.6750673198565087,2.165066481304005,0.0037308754893198,-0.0008739625627331,0.4106012081322054,5.899243966376948,181.02,0
171,4.080000778930036,4.964788790090556,2.2430472312441427,1.8424499976302868,0.0004417054522095,-0.0488958451499034,0.3872481008847886,5.831815814384729,181.02,0
172,3.9668532030696295,5.039124164411168,3.693096114535929,4.033975014952652,0.0024152074745177,0.0080067965370442,0.4579652566875092,5.611111988141199,181.02,0
173,4.1569674482626215,5.031887977350401,2.9493163231461588,3.1520007336090536,0.0066911285224216,0.0037308754893198,0.4063252870857092,5.3006136780374975,181.02,0
174,3.881663608714859,5.122998153661435,2.18530199161035,1.6753014719508204,0.0007706224559363,-0.0048209666079038,0.3329767953635411,4.9463694059327565,181.02,0
175,3.9102794179380087,5.197004619193432,1.4877529614170817,0.8622624209536752,0.0060332945150898,0.0017573734670957,0.385603515867945,5.75715147507426,182.48,0
176,3.9625772773847134,5.075305100301835,2.425002346126329,1.6647724318987966,0.0053754605077442,0.0109670495697463,0.4388880704545082,3.8504164612426095,182.48,0
177,3.950736252466348,4.839471199170589,2.109459959711127,1.4594561713024947,0.0089935475479754,0.0066911285224216,0.5224329895835877,5.032874730129118,182.48,0
178,3.783646242687706,4.8717051191100875,2.598567169788101,4.222511437408351,0.0073489625297397,0.0093224645516123,0.5293402466906935,5.920952542987977,182.48,0
179,3.7862775813031098,4.889137749592718,2.4717250051830715,2.057637317290995,-0.0377126670054988,-0.0028474645852539,0.553351188081548,4.623043469984569,182.48,0
180,4.087236961365024,5.225291536018539,2.667664079126245,4.934377120357746,0.0070200455260824,0.0014284564633794,0.5474306819824301,4.285574155964516,182.48,0
181,3.951723004539783,5.105565520165276,3.0152874583247185,4.875479928477869,-0.0008739625627331,-0.0054788006154826,0.4701351858433102,5.748928530509346,182.48,0
182,3.8530477999558896,4.845391715022011,0.3094881915063018,1.7743402602914249,0.0116248835769764,0.0037308754893198,0.5188149025284013,5.375606906835944,182.48,0
183,3.663591422378541,4.694747486072124,3.235575171804343,2.18069553393364,0.0040597924930116,0.0037308754893198,0.6079514110869466,4.230973864485872,182.48,0
184,4.067830835814445,5.1345102702475005,2.5750413190089647,2.3677506413938234,0.0024152074745177,-0.0035052985927894,0.6125562491797298,3.763582285870664,182.48,0
185,4.0059943694489855,5.154574245109934,1.107391508518864,4.899663969710816,-0.0176487297583573,0.0053754605077442,0.5428258439065964,4.96544662524365,182.48,0
186,3.8967938066368553,5.124971659354757,3.870938789073763,4.93552874153066,-0.0021896305777327,0.0020862904708084,0.4721086878691249,6.0294954323084635,182.48,0
187,3.945144657394173,5.176611726050767,2.6610834207720844,4.9147995610221935,0.0040597924930116,0.0724745291937017,0.354685317564041,4.608900017685504,182.48,0
188,3.904687822995676,5.084514793230734,0.8984559755257562,0.5233591628974871,0.008664630544335,-0.0077812196421233,0.4615833437332275,5.084514793230734,191.24,0
189,3.891202211737488,4.879270222877524,1.721859572227202,1.0405979417665865,0.0198478086662378,0.0017573734670957,0.53493183577911,5.985091521772568,191.24,0
190,3.796145101144944,5.228251794791807,2.889761339847776,0.796126927337299,-0.0008739625627331,-0.01041255567279,0.5688102873491558,4.484898127716096,191.24,0
191,3.838575437080969,4.972024976792072,2.8524160910065226,2.2912505258104754,0.0030730414819257,-0.0031763815890199,0.6461057838962966,4.515487452404043,191.24,0
192,3.940868731762911,5.208187818794636,2.0020308029867966,4.932073878023777,0.0037308754893198,0.0066911285224216,0.658604630182247,5.790043253913943,191.24,0
193,3.865546658897197,5.030901224572409,3.300723758948449,0.7020236908269476,0.0030730414819257,0.0027441244782235,0.5148678984689061,4.111247930578733,191.24,0
194,3.7846329946680344,4.91676682476998,2.685596373489274,2.053030860344744,-0.0054788006154826,0.0014284564633794,0.5694681213608316,4.730270577926149,191.24,0
195,3.9826412364597377,5.089777474933045,2.6702963424870663,4.937338431953224,-0.0163330617426633,-0.0002161285552547,0.6201213403350162,5.831157978775055,191.24,0
196,3.833641677036815,4.876967799987416,2.9869906113663127,4.930099670321526,0.0020862904708084,-0.0031763815890199,0.6336069376208268,4.220119589895185,191.24,0
197,4.055989810165031,5.195031113391456,3.0491778699471137,4.941780399395477,0.0066911285224216,0.0020862904708084,0.5799934655509271,5.172993632139449,191.24,0
198,3.9040299882977503,4.9937335371278575,3.3782111045673555,0.9724882482659708,0.0053754605077442,0.0080067965370442,0.5359185867948743,5.694328180061104,191.24,0
199,3.862257485483055,4.884861821340839,4.397228516763817,4.205072637188753,0.0191899746591718,0.0034019584856245,0.468161683817651,4.390169900322461,191.24,0
200,3.7691738803711945,4.828616920174699,2.650060818181743,0.7564785353013237,-0.0058077176192775,0.0132694685949932,0.3990891130082686,4.828616920174699,194.16,0
201,4.008296791028584,5.4022492391961245,3.1895105191850126,1.903979088285608,0.0020862904708084,-0.0064655516268782,0.5092763093858672,4.036583684975069,194.16,0
202,3.781672738728661,4.941106724790429,0.9882818001542576,0.1915301278058722,-0.0015317965702258,0.0057043775114187,0.626370763466016,4.080987531078417,194.16,0
203,3.9981003526282257,5.077607523528082,2.337973176092865,1.6792498619979588,0.0047176265003848,-0.0002161285552547,0.6102538301331751,4.163545796235284,194.16,0
204,4.019151064231448,5.332847609168525,1.98311142764822,2.732319051123665,0.0017573734670957,0.0063622115187574,0.607293577073798,4.315505641846649,194.16,0
205,3.9102794179380087,4.962815284633181,1.688791804674414,4.150123969814919,-0.0008739625627331,0.0004417054522095,0.5530222710759933,4.681919703117719,194.16,0
206,3.9708002114035783,5.151285068881948,3.196420216819017,2.0931728431682854,0.0109670495697463,0.0182032236485487,0.4892123720995389,5.741692339340064,194.16,0
207,3.928369872285716,5.107210108221125,2.293553754980258,2.980738982579621,0.0037308754893198,-0.0021896305777327,0.5786777975268242,5.8078048148746175,194.16,0
208,3.948104913606607,5.036163906063412,2.942077595564779,3.6008022104239408,0.0080067965370442,0.0066911285224216,0.6270285974799502,5.87194378728694,194.16,0
209,3.9846147406436967,5.100960673619772,3.9816586409259274,3.551940739245309,0.0060332945150898,0.0034019584856245,0.6138719172064798,5.988709618120624,194.16,0
210,3.8981094760275266,5.108854696279019,0.7605914390095508,2.6701318260266937,-0.006794468630684,0.0034019584856245,0.5694681213608316,5.957791340613072,194.16,0
211,4.07046217485898,5.030243389387484,2.972184122247001,1.068730207242231,-0.0344234969639538,-0.0044920496041198,0.5043425543137914,5.913387432909763,194.16,0
212,3.9859304101009294,4.925976516618856,3.037332677299486,2.3925926161545488,-0.0031763815890199,0.092867383380837,0.3661974126744871,5.186808172582151,194.16,0
213,4.032965593862599,5.200622713171508,3.039306876056437,4.931744843405929,0.0043887094966999,-0.0012028795664776,0.4869099530678084,4.336556357532218,202.92,0
214,3.950736252466348,4.928936774726248,2.072937335189032,4.931580326097127,0.0014284564633794,0.0024152074745177,0.5566403581374106,5.029914471795142,202.92,0
215,3.890215459698268,4.832235013163984,2.8525806075160345,3.970800526385226,0.0323466547981044,0.0037308754893198,0.6296599335359653,5.538750086821543,202.92,0
216,3.815222306325479,5.057543549833077,3.4606339632223526,0.1780398053836399,0.032017737794691,0.0080067965370442,0.6638673023058552,5.600257702666287,202.92,0
217,4.00138952629911,5.215095089184761,1.3785141939197618,0.0123720655761258,-0.0005450455589921,-0.0041631326003394,0.6674853893919565,5.446653127729158,202.92,0
218,3.9247517814011736,5.186150337319653,1.968140443978652,3.204317014226534,-0.0005450455589921,-0.0130438917036944,0.5901898927410884,5.399288980016945,202.92,0
219,4.078027274635017,5.108525778667276,2.369724838031923,1.920759750096197,0.0030730414819257,0.0050465435040662,0.5688102873491558,5.808133732672755,202.92,0
220,3.8852816995104673,5.008205910878332,2.3264570296197435,0.3300527076423061,-0.0028474645852539,0.0001127884484791,0.6368961076923196,5.91075609028568,202.92,0
221,3.8438381144764313,5.089777474933045,2.4687637097968183,4.137785198240833,0.0053754605077442,0.0313599037878553,0.5619030302279917,5.861747335023033,202.92,0
222,4.010270295242142,4.9121619788686655,0.6460882021670912,0.3741430304407511,0.0027441244782235,-0.0176487297583573,0.5957814818479401,6.090674156396301,202.92,0
223,3.6852999646520215,4.325044247356783,2.5705993752504432,0.4939107747368093,0.0020862904708084,0.0034019584856245,0.544799345938963,5.915689857710838,202.92,0
224,3.9681688725132735,5.304560689968742,2.3837087310412577,0.3157398044058176,0.0010995394596596,0.0057043775114187,0.4941461271682999,5.459809835748216,202.92,0
225,4.0392150239708124,5.198978124998405,2.8117805145550854,4.966951549348929,0.0030730414819257,0.0244526467153431,0.4201398012379688,5.566050258173784,218.98,0
226,3.9987581873618967,5.302587184001588,2.626205932630738,1.3679851565963463,-0.006136634623076,-0.0110703896804937,0.5040136373090258,5.5430260172337205,218.98,0
227,3.907319161789845,5.023007202374552,4.082178472364356,4.050262189348984,0.0037308754893198,0.0017573734670957,0.5954525648416038,4.7049439290145845,218.98,0
228,3.902056484205456,4.899663111499801,2.9751454200397776,4.423057696292648,0.0047176265003848,0.0024152074745177,0.6411720287863234,4.121444369664816,218.98,0
229,3.853376717295324,4.8917690900619775,2.8915710215702912,-0.0703795466917543,0.0076778795333937,0.011295966573363,0.6382117757211156,5.052609785855921,218.98,0
230,3.973102632935892,5.1068811906097915,3.8623839131580953,4.987351698417813,0.0106381325661263,0.0047176265003848,0.5661789513026905,5.8900342673337995,218.98,0
231,4.045135536726209,5.274629183128702,2.088401869697243,0.5643236808802955,0.0004417054522095,-0.0012028795664776,0.5158546494837112,6.044954571947184,218.98,0
232,3.974418302384312,4.92696326932061,1.1912947613204596,0.155830128241669,0.014914053612927,0.0103092155625028,0.5543379390982465,6.280130872062064,218.98,0
233,3.9398819796956546,4.721060887361187,3.0406230085649897,2.9665905597918405,0.0060332945150898,0.0030730414819257,0.5642054492680904,5.432509666764768,218.98,0
234,3.950078417751038,4.885190738898207,1.1730334647339653,0.5580720676646067,0.0034019584856245,0.0066911285224216,0.5691392043549907,4.222750929183191,218.98,0
235,3.8921889637772606,5.336136785860672,2.8060224371442497,1.031878584724072,0.0073489625297397,-0.0015317965702258,0.5375631718212562,3.7346375616709384,218.98,0
236,3.9981003526282257,5.164770691469204,3.3372464553910204,1.6632917856500464,-0.0015317965702258,-0.0123860576959459,0.4642146797667941,4.134929982746095,218.98,0
237,3.7764100615150342,5.295022077822528,3.0710585737032448,4.367615446866157,0.0017573734670957,0.0010995394596596,0.2717982328408059,5.858129239080238,227.74,0
238,4.105656334977478,5.081225617177377,3.8174708173755465,0.2611204497528965,-0.0012028795664776,0.0027441244782235,0.4500712485894778,5.0667532426392,227.74,0
239,4.020137816344232,5.262130312348157,2.626534965528852,5.016471268213937,0.0030730414819257,0.0047176265003848,0.5326294167425158,4.311229715257387,227.74,0
240,3.942184401186792,5.4640857658846045,3.2383719544161607,1.1950786336139172,0.0014284564633794,0.0060332945150898,0.620779174348689,4.024084824801097,227.74,0
241,4.129667304457383,5.485794334498418,2.7940127330078544,3.723367203033788,-0.0025185475814915,-0.0005450455589921,0.6546576260907963,4.128680552280116,227.74,0
242,4.161901209239644,5.532171732370641,4.87728961857845,3.3844627380719845,0.0076778795333937,0.0027441244782235,0.6760372315991445,4.363527587417153,227.74,0
243,4.0342812633571485,4.695405321098496,2.9415840459602998,1.0259560026067611,0.0001127884484791,-0.0008739625627331,0.5720994574077746,4.174071153046506,227.74,0
244,3.920146938468069,5.018073438524414,2.8951903850322127,4.83467964512584,0.0043887094966999,0.0037308754893198,0.6007152369437601,4.1773603270639095,227.74,0
245,3.800092109096763,4.904925792483413,1.438891644023143,0.196794643875566,0.0159008046236478,0.0010995394596596,0.4316518963695262,4.500028331247721,227.74,0
246,4.062897075117055,5.076949688320176,2.6064639590512484,0.2086398050381079,-0.0087679706535956,0.0004417054522095,0.610911664146443,4.889137749592718,227.74,0
247,3.769831715019445,4.935186208529492,1.879630677585664,4.790918056284592,0.008664630544335,0.0020862904708084,0.5684813703433269,4.835524188616895,227.74,0
248,3.9204758558200306,5.0562278794373885,1.5923852843885933,0.845646289288203,-0.0008739625627331,0.0030730414819257,0.4938172101636831,5.568681600023385,227.74,0
249,4.117826278369028,5.2052275600672875,3.716951048236248,4.896373623863326,0.0162297216272149,0.008664630544335,0.4349410664079304,5.8015553767277765,227.74,0
250,4.042504197721251,5.336465703530357,1.280462537117114,4.934212603047654,-0.0035052985927894,0.0001127884484791,0.4579652566875092,5.49303052412159,232.12,0
251,3.709968762997069,4.955579097980582,2.514663789730382,0.7349269199800536,-0.0097547216651012,0.0010995394596596,0.5530222710759933,5.153258574617748,232.12,0
252,3.9638929468250974,5.173980385023358,1.4874239289699944,0.5901527145478792,0.009980298558876,0.0070200455260824,0.6181478382941614,4.063883827255374,232.12,0
253,4.1260492131436175,4.917753577465124,2.2900989112282666,0.0567914198858206,0.0135983855985866,0.0053754605077442,0.5957814818479401,4.588836050703522,232.12,0
254,4.087894796133393,5.36409478809022,3.095900576774359,2.424837829726756,0.0024152074745177,0.0096513815552458,0.6546576260907963,5.49072810014595,232.12,0
255,4.191503775414323,4.7539526396510245,2.8269160325850287,3.597018325267488,0.0103092155625028,0.0076778795333937,0.5619030302279917,5.747941777165445,232.12,0
256,4.1395348262624845,5.434812090631689,1.9738985145902077,4.893247795337862,-0.0015317965702258,0.0007706224559363,0.5523644370649007,3.6783927011740176,232.12,0
257,3.775752226864405,4.6588954775868805,0.5718914232087904,2.8213224715292675,0.0060332945150898,0.0089935475479754,0.5099341433955613,5.179571984712948,232.12,0
258,4.006652204185697,4.9779454932128555,4.0905688358392505,4.961357960306449,0.0093224645516123,0.0043887094966999,0.5247354086190327,5.526909048835528,232.12,0
259,3.858968312075012,4.863811097831463,2.504134738861701,4.887983242097065,0.0020862904708084,0.0037308754893198,0.6849179908198534,4.32570208222168,232.12,0
260,4.047109040982618,5.168059867731089,2.3534377159299718,1.2322592923184634,-0.0008739625627331,-0.006136634623076,0.5635476152566044,4.248077570050009,232.12,0
261,3.902385401554018,4.898676358817607,2.6025155644076663,1.2888528631735807,-0.0245559868417654,0.0014284564633794,0.4411904894819303,6.066005315631365,232.12,0
262,3.8020656130759103,4.686853465779027,0.7510495024168372,1.3133657768497502,-0.0008739625627331,0.0034019584856245,0.2819946599245639,5.064779737032537,240.88,0
263,3.945144657394173,4.757899649976704,1.061656011786556,1.320604489698343,0.0053754605077442,0.0050465435040662,0.5168414004985619,5.243710924051499,240.88,0
264,3.902385401554018,5.07958102915375,4.8345151278641225,0.6459236860255619,0.020505642673291,0.0116248835769764,0.6092670791133231,4.539169510653936,240.88,0
265,3.9540254260466496,5.059845973028652,3.4188467237649887,3.630250709003896,0.0083357135406913,0.0017573734670957,0.7020216752612564,4.0747381008151535,240.88,0
266,3.932974715240548,4.94308023021643,3.9286842059720186,0.8087946709899374,0.0063622115187574,0.0047176265003848,0.7418206333754342,4.071777844382796,240.88,0
267,4.279653642340459,4.928607857158444,3.020716504707418,1.2516722029950325,-0.0025185475814915,0.0080067965370442,0.7526748947013977,5.254565206408628,240.88,0
268,3.969813459319244,4.941764559932113,1.8853887476247275,2.2971731151186727,-0.0044920496041198,-0.006136634623076,0.6605781322283748,5.9985771536747166,240.88,0
269,3.980338814914652,5.2956799131406616,1.9896920798926685,4.919570562772061,-0.0005450455589921,0.0020862904708084,0.6747215635669302,5.026296378284694,240.88,0
270,3.935934971432233,5.318375231824666,1.0213495498626128,4.952967576918509,0.0037308754893198,0.0027441244782235,0.6543287090832237,4.1484155959375775,240.88,0
271,3.8346284290445554,4.752636969544894,3.473301749124202,0.371181740094102,0.0063622115187574,-0.0015317965702258,0.6102538301331751,4.330635843717177,240.88,0
272,4.1398637436570045,4.978274410792543,1.102291507021793,0.3567043206418559,0.0037308754893198,0.0040597924930116,0.624068344417464,5.6535423777604805,240.88,0
273,3.9494205830359776,5.046689269107356,3.5539149400020986,4.706520721969702,0.0168875556343392,-0.0041631326003394,0.5181570685184343,5.86766785568134,240.88,0
274,3.780685986749943,5.006561322944336,3.119755481457295,0.4781172258653915,0.0014284564633794,0.0063622115187574,0.483949700027343,5.331531938494061,240.88,0
275,3.890215459698268,4.8690737786788985,3.564114977377732,4.858370131639253,-0.0035052985927894,-0.0255427378538219,0.4217843862564961,5.726562121585113,246.72,0
276,4.01750647737808,4.837168776346249,3.06809727539942,4.985706525059395,0.0080067965370442,-0.0008739625627331,0.5638765322623444,5.6440037629084285,246.72,0
277,3.955341095480521,5.435141008327312,2.795657897943879,3.0455585055000145,0.0063622115187574,0.0066911285224216,0.6632094682902989,6.042652146880976,246.72,0
278,4.032636676489121,5.294693160163589,3.20481056406846,1.8633435653855068,0.0010995394596596,0.0057043775114187,0.7526748947013977,5.836091745856776,246.72,0
279,3.755030435491257,4.8309193429849815,2.7486061825358785,4.88370579264916,0.0066911285224216,-0.0018607135739774,0.7592532349037293,5.395999803159424,246.72,0
280,3.9040299882977503,4.865455685594148,2.581786492922,4.0425298943532,-0.0048209666079038,-0.0031763815890199,0.6224237593829905,5.368041800219718,246.72,0
281,3.971786963488479,4.902952287112207,0.8670333894753361,0.8806882304758745,0.0076778795333937,0.0053754605077442,0.4967774632054055,5.33383436217527,246.72,0
282,4.006652204185697,4.9006498641827,2.751238446238994,0.7383817590650835,0.0096513815552458,-0.0018607135739774,0.6510395390079031,5.842341184190649,246.72,0
283,3.9701423766806254,5.259827888796621,1.835375797630444,4.894728450951586,0.0060332945150898,0.0001127884484791,0.4441507425174637,5.486123252207636,246.72,0
284,3.7366110655791234,4.681261868097481,3.109061903365598,0.8711462933818858,0.0014284564633794,0.0037308754893198,0.6299888505429985,5.0062324053577765,246.72,0
285,3.9984292699950297,5.214437253907923,2.362486117052136,4.923518978064473,0.0034019584856245,0.0043887094966999,0.5997284859244798,4.7690828459589,246.72,0
286,3.862915320165395,4.893413677857808,4.0986301656154565,4.509593686582823,0.0014284564633794,0.0050465435040662,0.5250643256241172,4.23689437792979,246.72,0
287,3.915871012898204,5.39534196778896,3.994326441579904,3.1381813395916067,0.0014284564633794,0.0017573734670957,0.297453759053756,5.305876360615213,252.55,0
288,3.8537056346348177,4.7901335680467385,3.560495609251318,1.886211329061848,0.0116248835769764,-0.0012028795664776,0.5171703175035224,5.799252952155864,252.55,0
289,3.8464694531799855,4.927621104455508,0.7780301508087359,0.0426430329668182,0.0030730414819257,0.0063622115187574,0.5980839008924753,5.848590622558489,252.55,0
290,3.904687822995676,5.14898264552727,2.6862544393471737,3.717280081813376,0.0010995394596596,0.0043887094966999,0.7076132644103283,4.09513097860258,252.55,0
291,3.913568591441841,5.2387771593739965,4.417793150002754,4.070333253635007,0.0060332945150898,0.0030730414819257,0.7520170606813643,5.2279228771499975,252.55,0
292,4.106972004529021,4.842431457093166,3.036674611048736,3.1577588145555167,0.0010995394596596,-0.0025185475814915,0.675379397583022,5.748928530509346,252.55,0
293,4.060265736084368,4.633897747422778,0.5495172285449414,0.0934785161742429,0.0066911285224216,0.0007706224559363,0.6007152369437601,5.52789580199663,252.55,0
294,3.820484983652263,4.84374712728299,1.968469476583999,2.9072000912266533,-0.0005450455589921,-0.0028474645852539,0.3833010968444857,4.512527195149064,252.55,0
295,3.940539814407096,5.295350995481552,1.6718466306719555,0.72225917670765,0.0050465435040662,-0.0025185475814915,0.5359185867948743,3.953038673971903,252.55,0
296,3.962906194744716,5.1660863619729644,3.381336921309795,4.923683495369328,0.032017737794691,0.0037308754893198,0.4760556919212251,4.5325911611025615,252.55,0
297,4.078356192017358,4.620741047508002,2.639860798044199,0.3588430303315888,-0.0031763815890199,0.0020862904708084,0.5651922002853639,5.469019531445025,252.55,0
298,3.6849710473429647,4.723034392477272,3.0424326907693726,0.670765623499996,0.0060332945150898,0.0024152074745177,0.5954525648416038,5.686105235935842,252.55,0
299,4.090855052594268,5.101618508839577,1.087320534977211,1.575604628160284,-0.0031763815890199,0.0030730414819257,0.5099341433955613,4.684222125690903,252.55,0
300,3.7882510852671705,4.706917434108552,1.9470823574941665,0.6232204585796138,0.0017573734670957,0.0047176265003848,0.468161683817651,3.9645507815456655,261.31,0
301,3.967839955152269,5.097342579916682,3.7075735913894454,3.6180764691396816,-0.0028474645852539,0.0109670495697463,0.553351188081548,5.706827055241196,261.31,0
302,3.7734498055890735,4.906241462732452,4.101262436597454,3.1467362025125465,-0.0018607135739774,0.0037308754893198,0.6421587798081883,4.823025321936891,261.31,0
303,3.983956905915458,5.430207242902123,2.7629191165581783,3.0307520148272102,0.0050465435040662,0.0228080616978767,0.7349133761730375,5.399617897703174,261.31,0
304,3.9566567649153934,4.684551043201656,2.149108396307611,3.0577327314621647,0.0106381325661263,0.0053754605077442,0.7201121107522467,4.209594232786,261.31,0
305,3.8685069149751454,5.150298316015163,1.6585208144183905,4.923354460759697,0.0076778795333937,0.0083357135406913,0.6737348125428512,5.518686105857425,261.31,0
306,4.310900797827923,4.9463694059327565,2.4231926657331506,4.915128595623462,0.0060332945150898,0.0027441244782235,0.5230908235936887,4.337214192401933,261.31,0
307,4.0158618905263035,5.206872148248312,3.6281119911666018,4.934048085737641,-0.0028474645852539,-0.0031763815890199,0.6158454192468064,4.005336534712529,261.31,0
308,3.9234361119904744,5.183518996272984,1.071691498372018,0.1528688379573352,-0.0071233856344934,0.0014284564633794,0.6260418464590592,5.9229260499732,261.31,0
309,3.923765029343057,4.837168776346249,1.0963689246581416,3.59438605735076,0.0030730414819257,0.0057043775114187,0.6066357430606761,4.098091235076296,261.31,0
310,3.9007408148118254,5.237790406440765,2.4016410177732954,4.946551401528683,0.0037308754893198,-0.022582484817759,0.6003863199373269,5.770637104286136,261.31,0
311,4.013559468936483,4.906899297857442,2.2897698784908207,1.896740371522741,0.0195188916627064,0.0530684260073312,0.4701351858433102,3.885939534201376,261.31,0
312,3.917844517006072,4.691129393432436,3.2023428148634885,4.936844880018829,-0.0025185475814915,0.0040597924930116,0.3372527164022859,5.795963774203924,265.69,0
313,3.7678582110754073,4.921700588252776,3.800361067819694,5.01318092121581,0.0109670495697463,0.0037308754893198,0.5181570685184343,5.802871047913781,265.69,0
314,4.01750647737808,5.207201065884768,1.8024725425154124,4.929606118397776,0.0178743066450012,0.0053754605077442,0.611898415166395,5.330874103157344,265.69,0
315,3.9823123190959646,5.579206967479113,2.6642092334817864,4.9105221112349255,0.011295966573363,0.0089935475479754,0.7319531230874791,4.137561321896743,265.69,0
316,3.8438381144764313,4.945711570788859,2.266573070867288,1.185207662433684,0.0103092155625028,-0.0012028795664776,0.775370168414997,4.974327399841534,265.69,0
317,4.0747381008151535,4.674025682894578,2.8922290876526007,4.9337190511178575,-0.0120571406920773,0.0014284564633794,0.7556351477919969,6.151852883882876,265.69,0
318,3.883966030129387,5.010179416401773,2.9889648099449606,2.53572189196278,0.0165586386307786,-0.0018607135739774,0.4888834550949921,5.294364242504734,265.69,0
319,3.922120442580768,5.037808494033582,2.3096763593696514,0.9649205047001984,0.0050465435040662,-0.0038342155965626,0.6128851661864074,4.821709651766526,265.69,0
320,4.001718443666546,5.141417540247495,2.2818730928358395,3.7205704175979286,0.0004417054522095,0.0010995394596596,0.4148771291792631,5.747283941603307,265.69,0
321,3.956985682274268,4.835853106162611,2.8644257963216333,0.561526906545607,0.0014284564633794,0.0007706224559363,0.667156472384091,5.958449176295872,265.69,0
322,3.864230989530808,4.923674093650852,2.852087057987636,4.928619014552453,0.0047176265003848,-0.0012028795664776,0.7398471313172102,4.733559753142261,265.69,0
323,4.038886106596122,5.172335796883924,1.6581917819204597,4.9936033572542,0.0043887094966999,0.0043887094966999,0.6724191445108536,4.420430305659616,265.69,0
324,4.009283543135076,5.0723448418739405,2.777067534427569,4.227446947044606,0.0066911285224216,0.0132694685949932,0.5497331010207582,5.212134830441625,265.69,0
325,3.900082980115382,5.079909946758312,3.184739537538379,4.029533058410832,-0.0002161285552547,-0.0229114018217503,0.5352607527843593,4.254327000974667,270.07,0
326,3.8879130382755744,4.925647599051762,4.938819087760768,4.884199344505777,0.0135983855985866,0.0057043775114187,0.5760464614789124,4.681261868097481,270.07,0
327,3.840548941102448,4.916108989640279,2.9187162480856146,0.9038850087660372,0.0063622115187574,0.0010995394596596,0.7125470195438501,5.5986131139665245,270.07,0
328,3.9573145996332055,4.87630996487666,4.258376142178963,3.265023648301072,0.0175453896414504,0.0017573734670957,0.7437941354339772,5.784122733654166,270.07,0
329,3.835615181052841,4.6378447574202495,1.0368140698371202,0.7785236992576997,0.0007706224559363,0.0083357135406913,0.7470833055322603,4.347739550354919,270.07,0
330,4.018164312119237,4.9621574494813565,1.7698983210677122,4.032494362766733,0.0106381325661263,-0.0018607135739774,0.6010441539501999,4.643765272436432,270.07,0
331,3.848442957210205,4.8490098080546735,1.5348046023112536,0.255362385274601,0.0014284564633794,0.0129405515913965,0.5628897812451416,5.546315194484103,270.07,0
332,4.0605946534632285,5.054912209042993,1.1717173352587755,0.9869656708250856,0.0043887094966999,0.0004417054522095,0.6684721404155982,6.073899344616161,270.07,0
333,4.2099231501946255,5.092737733399764,2.013053395768127,2.4690927426168816,0.0057043775114187,0.0096513815552458,0.6977457541488592,5.077936441132156,270.07,0
334,3.8188403969859857,5.358174269919218,1.6922466460101957,3.112023201892818,0.0034019584856245,0.0441876669190317,0.6484082029481754,4.165190383232576,270.07,0
335,3.747465337112073,5.173322549767336,1.806585449342377,0.0520204522046173,0.0037308754893198,0.0050465435040662,0.5326294167425158,5.193715442858473,270.07,0
336,3.970471294042071,4.584560123349146,1.5063432948280444,0.2897462560654508,-0.0044920496041198,0.0030730414819257,0.4207976352453692,5.902862062449993,270.07,0
337,3.931987963177773,4.88091481065851,2.9619840966349504,0.58669787563838,0.0010995394596596,0.0073489625297397,0.331332210348731,6.169943368473353,281.02,0
338,4.001060608931737,5.268708665375339,4.434244857403985,5.0079163660870005,0.0399117458757956,-0.0025185475814915,0.5309848317165381,5.239763912307985,281.02,0
339,3.799434274437527,5.320019820150867,2.335998979541671,3.1365361736609843,-0.0012028795664776,0.0323466547981044,0.6309756015641403,4.661855735134692,281.02,0
340,3.973431550297903,5.186150337319653,1.7768080043133694,1.5162142684416693,0.0037308754893198,0.0053754605077442,0.7316242060780161,4.637186922419932,281.02,0
341,3.907976996489004,4.967420130704838,1.732388612869738,1.9523468790678415,0.0024152074745177,0.008664630544335,0.7612267369651402,5.108854696279019,281.02,0
342,4.063883827255374,4.691129393432436,2.9285872398621944,2.062572806904619,0.008664630544335,0.0010995394596596,0.5224329895835877,4.790791403117026,281.02,0
343,3.7685160457231826,4.871376201555916,3.1779943566634694,2.6640447170229966,0.0030730414819257,0.009980298558876,0.55039093503176,4.334911770359134,281.02,0
344,3.9326457978862273,5.063135149029216,3.827670860698843,3.2446235861913904,0.0063622115187574,0.0050465435040662,0.6536708750681006,4.449375041756459,281.02,0
345,3.9777074760097615,4.984523844821769,2.9111484878381373,0.5715623909332987,-0.0012028795664776,0.0020862904708084,0.7329398741159203,3.559324639478117,281.02,0
346,3.5366293467902263,5.575259954672462,2.5704348588155197,3.886567889743728,0.0027441244782235,0.0073489625297397,0.755306230781894,4.763491247956811,281.02,0
347,4.176373574857992,5.352582669449968,1.545827189793438,3.0381552601140247,0.0047176265003848,0.0014284564633794,0.6507106220004115,5.106223355387369,281.02,0
348,3.9576435169922046,5.179571984712948,1.909408125895889,3.525124513117923,0.0057043775114187,0.018532140652093,0.5125654794345377,4.60561084275172,281.02,0
349,3.8188403969859857,4.269457202261749,1.6177207854586906,1.5992949664398313,0.011295966573363,-0.0051498836116914,0.4773713599387328,4.2484064874664895,281.02,0
350,3.8856106168558906,5.212463748079416,3.589121521562044,1.7615079914781364,0.0037308754893198,0.008664630544335,0.5336161677581667,5.746626106041537,284.67,0
351,3.926396368165944,4.635871252420183,1.8635080816689145,0.1077914192057183,0.0034019584856245,0.0043887094966999,0.5990706519116586,5.733140477106752,284.67,0
352,4.132956478385863,5.276931606706857,3.658383075330562,2.0791889554870617,0.0103092155625028,0.0083357135406913,0.6898517459449531,4.503317505948557,284.67,0
353,4.056318727543055,4.649356869973748,0.3662462561861862,1.153127006542653,-0.0002161285552547,-0.0054788006154826,0.7421495503851693,5.87029919820597,284.67,0
354,4.251695661634999,5.083199122808414,3.45454684543972,0.5253333565249881,0.0109670495697463,0.0047176265003848,0.7072843474014933,4.846378467666352,284.67,0
355,3.885939534201376,4.873349706882109,2.132327729956597,4.640878364838201,-0.0008739625627331,0.0142562196057634,0.6112405811530871,5.968645629428419,284.67,0
356,3.961590525305085,5.132865682157613,1.2426238123925912,2.610083320828996,0.0014284564633794,0.0182032236485487,0.4313229793657061,3.996126848428734,284.67,0
357,3.931001211115557,5.016428850578384,1.7754918741675516,3.247749402107384,0.0175453896414504,0.0060332945150898,0.5822958845933439,4.973340647105573,284.67,0
358,3.90370107094888,4.568114249024212,1.7108369829229328,0.0456043232527946,0.0047176265003848,0.0024152074745177,0.7158361896339096,5.6535423777604805,284.67,0
359,3.901727566856956,5.052609785855921,4.701749723171476,4.372879992456699,-0.0021896305777327,-0.0008739625627331,0.6566311281363879,5.13549702310242,284.67,0
360,4.005336534712529,4.913806566688796,1.8286306302384607,0.4001365791028792,0.0195188916627064,0.0060332945150898,0.55039093503176,5.673935278735358,284.67,0
361,3.889886542351985,5.212792665717292,2.916413016695437,1.9432984826325377,-0.0044920496041198,0.0004417054522095,0.4971063802100651,4.208936397968949,284.67,0
362,3.895149219899901,4.8460495501181615,2.7273835568413283,1.677769215728511,0.0037308754893198,-0.006136634623076,0.3267273723075263,4.251695661634999,291.97,1
363,3.941526566474727,5.101947426449603,2.110282541363381,1.371275480750611,-0.0005450455589921,0.0037308754893198,0.5362475038001397,5.181874408121514,291.97,1
364,3.9747472197465736,4.995707042630165,2.460208856530516,3.094584444132837,-0.0071233856344934,-0.0081101366459437,0.6612359662438106,5.690052249108828,291.97,1
365,3.8464694531799855,4.823025321936891,1.6627982369009315,1.5356271834629331,-0.0146884767231316,0.0020862904708084,0.6724191445108536,4.771714186202792,291.97,1
366,4.09513097860258,5.3420573039281205,3.3308303058242235,1.204291540107826,0.0073489625297397,0.0024152074745177,0.7270193679464447,5.7972794453835785,291.97,1
367,3.9362638887871753,5.10753902583254,1.834059667403812,3.051645618447412,0.0040597924930116,0.0047176265003848,0.7069554303926668,4.690471558408012,291.97,1
368,4.01750647737808,5.1394440345295065,1.593536898060754,1.6553950056922326,-0.0002161285552547,0.0020862904708084,0.4984220482287511,6.111067065179109,291.97,1
369,3.946789244178234,4.690142640895912,3.364720737799769,1.314517390254865,-0.0028474645852539,0.0175453896414504,0.5642054492680904,4.709219856721597,291.97,1
370,3.969484541957924,5.221344524331406,3.619557119916796,4.946222366896623,0.0214923936838468,0.0053754605077442,0.5230908235936887,5.2525917005186935,291.97,1
371,3.933632549949376,5.174967137908014,2.2359730278641843,1.289181895568996,0.0001127884484791,-0.0071233856344934,0.562560864239419,6.081135537901793,291.97,1
372,3.836273015725334,5.128589753133524,1.6593433956636707,1.6455240308287435,0.0020862904708084,0.0001127884484791,0.6362382736779645,4.316821311568753,291.97,1
373,3.98000989755132,5.11378846046498,2.080998635055891,4.933225499188787,0.014914053612927,-0.0051498836116914,0.5451282629443767,4.436547260918828,291.97,1
374,3.785619746648901,4.73191516553326,3.014958425212317,0.011878517194357,0.0004417054522095,0.0066911285224216,0.4313229793657061,5.445666374633376,291.97,1
375,3.9204758558200306,4.807895115052048,3.558027858272051,4.436712613576465,-0.0028474645852539,-0.0031763815890199,0.5431547609119771,6.017325471467384,294.16,1
376,3.983956905915458,4.934528373390967,2.9869906113663127,4.938325535824194,-0.0015317965702258,0.0024152074745177,0.614529751219895,4.702970423923321,294.16,1
377,3.742531577316404,5.36343695273651,1.9762017428455216,4.939970708948935,0.0109670495697463,0.0053754605077442,0.7247169488812927,5.575588872405857,294.16,1
378,4.012901634197108,5.3519248341022765,3.3222754398625804,2.067179263903863,-0.0018607135739774,-0.0143595597192366,0.719125359724811,4.57995527851978,294.16,1
379,3.746478585151875,4.837826611438531,1.9057887674853975,0.6421398147728639,-0.0044920496041198,-0.0044920496041198,0.6763661486072174,5.738074243772199,294.16,1
380,3.9089637485382074,4.8069083624347755,2.4333926825559944,2.092021228879619,0.0024152074745177,0.0004417054522095,0.5398655908584197,5.237790406440765,294.16,1
381,3.933632549949376,4.961170696754218,2.464486283150354,0.1966301277483653,-0.0044920496041198,0.0034019584856245,0.5842693866299428,4.289850082484495,294.16,1
382,3.796145101144944,4.745071866458195,2.263776292691784,4.031342744403581,0.0020862904708084,0.0057043775114187,0.5790067145328406,5.477571391796587,294.16,1
383,4.374710780432913,4.757241814921665,2.792203051583412,0.0288236782940342,-0.0146884767231316,0.0010995394596596,0.5915055607660646,5.515396928681708,294.16,1
384,4.095459895988288,5.092408815792024,0.6990624002229912,0.5187527111038694,0.0024152074745177,0.0007706224559363,0.5783488805208139,4.855259241496815,294.16,1
385,3.9388952276289584,5.144048881209428,2.4922895568304906,2.6367349854539985,-0.0002161285552547,-0.0035052985927894,0.5336161677581667,5.9923277144803615,294.16,1
386,3.9089637485382074,5.038137411627858,2.4238507313301283,3.4109499230101425,-0.0041631326003394,0.0073489625297397,0.4665170987963862,4.328991256550292,294.16,1
387,3.949091665678541,5.495004030389865,2.5974155546952464,3.2852591945823724,0.0053754605077442,0.0017573734670957,0.3714600847260154,4.884203986226336,302.92,1
388,3.8842949474745647,4.772700938795508,3.979190887596487,3.1901685856224287,-0.0028474645852539,0.0004417054522095,0.6204502573418492,6.02752192513601,302.92,1
389,3.8069993730332303,4.730270577926149,3.3902208216330454,3.380020787942151,-0.0038342155965626,0.0060332945150898,0.7174807746792546,6.013049539311521,302.92,1
390,3.796802935802981,5.405867333757999,1.9033210231229492,0.4981881942329606,0.0070200455260824,-0.0008739625627331,0.7819485086301394,6.221912398611832,302.92,1
391,3.890215459698268,5.108854696279019,3.8985776201193567,0.0133591623396207,0.0080067965370442,0.0027441244782235,0.7329398741159203,6.417618579090096,302.92,1
392,3.8369308503980695,4.8717051191100875,0.8484430639160799,0.0609043230586985,-0.0012028795664776,0.0109670495697463,0.4816472809961247,6.099883857090084,302.92,1
393,3.8931757158175864,4.698694496234849,2.9206904464273817,0.1365817413974713,0.0211634766803314,0.0007706224559363,0.5977549838860938,5.390408202521517,302.92,1
394,3.888570872967466,5.59466610109628,4.94342557253718,2.4496798065025107,-0.0025185475814915,-0.0018607135739774,0.6678143063998294,4.286889825661746,302.92,1
395,3.937908475562822,5.233843394715396,1.111833445319718,0.1620817410650322,0.0030730414819257,0.030373152777579,0.6243972614243791,4.3020200272582825,302.92,1
396,3.9369217234972473,4.55890455948179,0.9728172805956096,3.7572576632366768,0.0103092155625028,0.0066911285224216,0.4658592647879101,5.103263096890521,302.92,1
397,3.9826412364597377,5.170033373492196,3.0141358424321645,3.3538626379844625,0.0043887094966999,-0.0015317965702258,0.5474306819824301,5.866681102236163,302.92,1
398,4.050069297371559,5.231540971214511,2.5704348588155197,4.947703022743435,-0.0038342155965626,-0.0018607135739774,0.546443930966088,6.212373778968815,302.92,1
399,3.8109463810088178,5.172664714511645,2.381405501585566,4.93552874153066,-0.034094579959822,0.0132694685949932,0.4550050036504738,5.071358089066106,302.92,1
