time,force_x,force_y,force_z,vibration_x,vibration_y,vibration_z,acoustic_emission_rms,tool_wear,ACTION_CODE
0,0.916,4.37,-1.372,0.102,0.041,0.069,0.018,151.416355,0
35,4.503,-1.038,1.088,-0.026,-0.022,0.027,0.03,151.416355,0
70,5.055,5.657,2.566,0.103,0.034,0.086,0.026,151.416355,0
105,0.418,2.316,0.148,-0.03,-0.017,-0.04,0.028,154.89276999999998,0
140,2.808,3.288,0.921,-0.029,-0.027,-0.036,0.023,154.89276999999998,0
175,3.636,-7.877,2.948,-0.042,0.016,-0.059,0.028,158.102847,0
210,2.18,5.63,-1.225,0.088,0.004,0.014,0.066,158.102847,0
245,-0.053,-1.585,0.402,0.011,-0.008,0.004,0.073,158.102847,0
280,5.293,3.382,5.1,-0.005,-0.043,-0.028,0.101,161.061023,0
315,3.061,11.283,-1.75,0.048,0.047,0.069,0.103,161.061023,0
350,-0.504,1.452,3.061,0.074,0.106,0.083,0.075,161.061023,0
385,-0.394,-0.112,0.817,0.037,0.062,0.04,0.081,161.061023,0
420,6.294,3.405,-0.803,0.078,0.016,0.068,0.08,163.781191,0
455,1.897,-0.818,3.878,-0.102,-0.033,-0.105,0.082,163.781191,0
490,1.479,6.754,-0.094,-0.009,-0.07,-0.005,0.079,163.781191,0
525,5.508,16.689,1.303,0.024,0.022,0.014,0.073,166.27671,0
560,0.787,4.709,0.982,0.045,0.006,-0.06,0.096,166.27671,0
595,0.756,-2.996,-0.573,-0.014,-0.033,-0.011,0.079,166.27671,0
630,-0.437,-0.719,-1.244,-0.157,-0.017,-0.132,0.063,168.560421,0
665,1.699,3.13,5.235,-0.033,-0.025,-0.002,0.102,168.560421,0
700,6.227,2.747,-3.341,-0.043,-0.063,-0.021,0.099,168.560421,0
735,0.332,2.938,4.834,-0.043,0.011,-0.038,0.123,170.64466,0
770,8.472,0.859,-1.751,-0.083,-0.181,-0.102,0.097,170.64466,0
805,3.302,-6.618,7.739,0.044,0.023,-0.013,0.072,170.64466,0
840,0.518,1.151,-2.867,-0.1,-0.086,-0.087,-0.005,172.54127599999998,0
875,1.08,2.2,6.685,0.065,-0.046,0.0,0.117,172.54127599999998,0
910,0.925,-0.104,-3.519,-0.084,-0.056,-0.05,0.102,172.54127599999998,0
945,5.754,12.267,1.373,0.018,0.0,0.026,0.164,172.54127599999998,0
980,5.279,9.564,-6.22,-0.087,-0.104,-0.072,0.124,174.261641,0
1015,2.583,-3.327,-4.783,-0.034,0.006,-0.032,0.139,174.261641,0
1050,0.396,4.699,4.531,-0.058,-0.033,-0.122,0.09,174.261641,0
1085,0.009,8.459,-5.591,-0.014,0.091,-0.005,0.111,175.816664,0
1120,4.383,6.331,-2.366,-0.076,-0.001,-0.045,0.12,175.816664,0
1155,2.159,-1.137,2.028,-0.05,0.053,-0.034,0.11,175.816664,0
1190,3.003,6.255,-5.009,-0.048,0.021,-0.035,0.083,177.21680700000002,0
1225,7.955,10.794,0.153,-0.114,-0.109,-0.062,0.145,177.21680700000002,0
1260,0.474,1.021,3.031,0.021,0.04,-0.084,0.118,177.21680700000002,0
1295,3.123,-7.649,9.285,-0.006,-0.051,0.068,0.176,178.472096,0
1330,2.714,8.751,-4.026,-0.042,0.065,0.019,0.126,178.472096,0
1365,3.225,7.687,2.941,0.049,0.037,0.079,0.1,178.472096,0
1400,0.18,0.364,-2.182,0.003,0.006,0.003,-0.004,178.472096,0
1435,10.095,-2.003,-0.727,0.169,0.013,0.163,0.116,179.592133,0
1470,0.229,-1.624,8.835,0.151,-0.002,0.013,0.117,179.592133,0
1505,0.533,3.531,-1.039,0.045,0.015,0.059,0.163,179.592133,0
1540,5.346,-5.951,0.919,0.053,0.031,-0.026,0.124,180.586109,0
1575,-0.437,0.539,8.3,-0.004,-0.025,0.009,0.117,180.586109,0
1610,1.441,3.345,-1.194,-0.015,0.045,-0.009,0.091,180.586109,0
1645,0.143,-0.847,7.114,-0.118,-0.15,-0.118,0.11,181.462818,0
1680,2.367,-3.127,-2.411,-0.041,-0.079,-0.112,0.135,181.462818,0
1715,6.634,12.3,3.991,0.018,-0.053,0.001,0.131,181.462818,0
1750,7.022,21.166,3.304,-0.021,-0.074,-0.073,0.091,182.230668,0
1785,5.136,4.894,2.821,-0.088,-0.07,-0.113,0.141,182.230668,0
1820,5.975,1.251,-4.202,-0.126,-0.121,-0.058,0.119,182.230668,0
1855,5.349,6.246,9.859,0.183,-0.034,0.092,0.2,182.89769,0
1890,6.526,4.794,3.896,0.05,0.057,0.049,0.132,182.89769,0
1925,4.543,-1.366,-4.646,0.021,0.034,0.063,0.116,182.89769,0
1960,-1.305,-0.699,0.481,0.011,0.017,0.01,-0.004,182.89769,0
1995,1.57,1.623,4.053,0.02,0.114,-0.095,0.113,183.471553,0
2030,2.897,-0.766,-2.988,-0.229,-0.198,-0.175,0.127,183.471553,0
2065,6.489,3.446,1.454,-0.124,-0.116,-0.111,0.17,183.471553,0
2100,2.38,2.322,-2.23,-0.065,0.065,-0.002,0.119,183.959575,0
2135,2.823,-3.046,11.978,0.11,0.053,0.027,0.125,183.959575,0
2170,5.814,3.262,-1.188,0.06,0.056,0.04,0.105,183.959575,0
2205,10.251,6.59,-4.706,-0.04,-0.03,0.114,0.105,184.368731,0
2240,5.377,6.807,8.324,-0.156,-0.06,-0.097,0.119,184.368731,0
2275,0.838,8.209,-0.344,-0.015,-0.027,-0.023,0.105,184.368731,0
2310,8.501,22.12,-1.339,-0.015,-0.028,0.029,0.074,184.705665,0
2345,4.856,2.352,3.216,-0.164,-0.154,-0.203,0.084,184.705665,0
2380,5.541,1.715,2.142,0.058,0.084,0.11,0.106,184.705665,0
2415,3.842,-1.693,1.914,-0.147,-0.132,0.0,0.174,184.97670399999998,0
2450,9.236,17.333,1.0,0.041,-0.014,0.029,0.109,184.97670399999998,0
2485,5.016,1.782,2.564,-0.131,-0.072,-0.159,0.104,184.97670399999998,0
2520,0.677,1.277,-1.675,0.028,0.033,0.026,-0.004,184.97670399999998,0
2555,3.894,-10.291,11.435,0.045,0.045,0.017,0.103,185.187863,0
2590,0.17,9.005,-3.753,-0.045,-0.026,-0.028,0.123,185.187863,0
2625,1.878,-0.76,-1.466,-0.016,-0.085,-0.024,0.144,185.187863,0
2660,-1.591,-5.652,-1.698,-0.129,-0.145,-0.215,0.116,185.344857,0
2695,4.183,4.611,7.621,0.113,0.125,0.131,0.108,185.344857,0
2730,10.572,4.716,-1.708,0.024,0.014,0.105,0.087,185.344857,0
2765,7.492,8.747,-5.196,-0.136,-0.1,-0.061,0.099,185.45311299999997,0
2800,5.819,15.071,2.349,-0.039,-0.003,-0.017,0.132,185.45311299999997,0
2835,0.797,4.589,2.501,0.195,0.11,0.025,0.107,185.45311299999997,0
2870,-0.021,-0.388,11.075,0.207,0.048,0.175,0.091,185.517775,0
2905,-1.049,-7.481,-2.136,0.012,0.072,0.047,0.102,185.517775,0
2940,7.454,20.927,9.624,0.042,-0.048,0.017,0.077,185.517775,0
2975,4.489,11.854,-0.044,0.012,0.086,0.122,0.183,185.543719,0
3010,-0.635,3.609,10.701,0.095,-0.089,0.055,0.154,185.543719,0
3045,-1.061,-4.24,-5.521,0.098,0.111,0.109,0.083,185.543719,0
3080,0.669,0.61,-0.303,-0.05,-0.036,-0.046,-0.004,185.543719,0
3115,1.551,7.639,2.923,-0.103,-0.125,-0.144,0.126,185.543719,0
3150,1.847,-3.617,-4.743,0.041,0.089,0.064,0.099,185.543719,0
3185,6.72,9.168,9.293,0.082,-0.155,-0.082,0.139,185.543719,0
3220,8.244,15.437,1.589,-0.038,-0.112,-0.055,0.11,185.543719,0
3255,4.647,0.293,12.66,-0.081,0.038,-0.121,0.135,185.543719,0
3290,3.613,7.871,-3.469,-0.043,-0.141,-0.033,0.085,185.543719,0
3325,3.658,16.287,-4.392,-0.046,-0.051,-0.13,0.138,185.543719,0
3360,-1.226,-2.735,-5.172,0.004,0.078,-0.013,0.123,185.543719,0
3395,5.758,6.274,6.643,-0.045,0.007,-0.146,0.083,185.543719,0
3430,5.126,-4.473,16.321,-0.04,-0.184,-0.151,0.072,185.543719,0
3465,8.527,5.533,-3.263,-0.126,-0.15,-0.028,0.095,185.543719,0
3500,6.546,8.558,11.418,-0.076,-0.092,-0.099,0.107,185.543719,0
3535,1.609,-8.692,11.924,0.055,0.04,0.069,0.157,185.543719,0
3570,-1.536,2.749,-4.458,0.109,0.152,0.145,0.126,185.543719,0
3605,3.619,13.026,7.056,0.048,0.026,0.047,0.109,185.543719,0
3640,0.827,1.529,0.872,0.037,0.037,0.036,-0.004,185.543719,0
3675,3.085,3.65,6.181,-0.05,0.157,-0.135,0.105,185.543719,0
3710,11.442,1.913,-3.625,0.076,-0.04,0.155,0.129,185.543719,0
3745,0.068,2.122,7.659,0.058,0.13,0.015,0.158,185.543719,0
3780,9.436,-4.206,-1.205,0.095,-0.06,0.026,0.101,185.543719,0
3815,5.377,-2.294,14.477,0.1,-0.049,-0.007,0.112,185.543719,0
3850,5.479,8.708,-3.572,-0.011,-0.046,0.054,0.097,185.543719,0
3885,7.319,3.125,-0.861,-0.093,-0.131,-0.152,0.113,185.945969,0
3920,2.45,2.712,5.416,-0.262,-0.153,-0.325,0.131,185.945969,0
3955,3.956,0.002,-1.788,-0.04,-0.095,-0.002,0.098,185.945969,0
3990,0.05,4.19,7.077,-0.097,0.038,-0.174,0.095,186.358367,0
4025,7.189,-1.87,-3.367,0.023,-0.052,0.014,0.111,186.358367,0
4060,6.425,2.258,8.211,-0.12,0.03,-0.103,0.079,186.358367,0
4095,4.962,-8.321,17.957,0.123,-0.043,-0.074,0.113,186.76413300000002,0
4130,7.555,1.659,-4.342,0.088,0.014,0.123,0.111,186.76413300000002,0
4165,1.147,5.184,8.983,0.003,0.0,-0.032,0.111,186.76413300000002,0
4200,3.688,18.608,1.049,-0.101,0.003,0.024,0.237,187.164749,0
4235,2.932,6.535,1.836,-0.007,-0.023,0.008,0.138,187.164749,0
4270,5.703,5.685,-2.933,-0.054,0.014,0.048,0.1,187.164749,0
4305,5.454,2.708,4.843,-0.173,0.067,-0.117,0.193,187.164749,0
4340,0.962,1.899,-2.541,-0.118,-0.044,-0.048,0.105,187.561562,0
4375,1.955,7.228,7.291,-0.17,-0.042,-0.187,0.093,187.561562,0
4410,7.269,2.219,-1.225,0.05,0.008,0.124,0.098,187.561562,0
4445,7.471,26.007,3.787,0.092,0.028,0.012,0.127,187.955795,0
4480,5.993,7.342,0.029,-0.151,-0.161,-0.183,0.14,187.955795,0
4515,2.009,2.36,3.92,-0.011,-0.03,0.082,0.094,187.955795,0
4550,8.385,5.032,-1.493,-0.101,-0.098,-0.025,0.109,188.348553,0
4585,9.17,15.513,0.758,-0.008,-0.039,0.079,0.131,188.348553,0
4620,2.881,0.551,0.158,0.121,0.151,0.108,0.1,188.348553,0
4655,1.446,1.519,5.59,-0.043,0.084,-0.18,0.106,188.740823,0
4690,3.072,-6.9,-4.457,0.15,0.055,0.058,0.118,188.740823,0
4725,4.727,9.663,12.097,0.117,0.092,0.031,0.092,188.740823,0
4760,3.854,-3.08,19.456,-0.087,-0.202,-0.133,0.21,189.133487,0
4795,7.578,0.223,-5.05,-0.096,-0.103,-0.035,0.104,189.133487,0
4830,7.007,10.622,15.392,-0.069,-0.136,-0.125,0.113,189.133487,0
4865,6.048,7.574,-1.986,0.25,0.216,0.187,0.185,189.133487,0
4900,4.536,19.911,3.853,-0.092,-0.114,-0.126,0.086,189.527322,0
4935,8.345,1.703,1.293,-0.121,-0.096,-0.074,0.101,189.527322,0
4970,8.394,7.873,7.093,0.061,-0.012,0.118,0.097,189.527322,0
5005,4.492,-5.636,13.795,-0.088,-0.104,-0.138,0.133,189.92300899999998,0
5040,0.682,2.677,-1.897,0.026,0.041,0.04,0.145,189.92300899999998,0
5075,5.041,11.354,7.815,0.005,-0.004,0.0,0.094,189.92300899999998,0
5110,4.677,18.597,0.328,-0.021,-0.144,-0.028,0.083,190.32113600000002,0
5145,2.514,1.229,6.048,-0.157,-0.028,-0.198,0.111,190.32113600000002,0
5180,10.439,6.715,0.059,0.122,-0.032,0.175,0.093,190.32113600000002,0
5215,2.12,3.313,10.999,-0.227,-0.067,-0.108,0.119,190.72220199999998,0
5250,9.77,-4.038,-3.067,0.069,0.029,0.086,0.116,190.72220199999998,0
5285,9.382,1.805,18.431,0.044,-0.067,-0.114,0.083,190.72220199999998,0
5320,2.984,-12.037,-0.939,-0.083,-0.033,-0.102,0.219,191.126626,0
5355,6.976,7.199,12.856,0.026,-0.136,0.03,0.113,191.126626,0
5390,6.06,-0.432,-4.655,0.011,0.088,0.05,0.103,191.126626,0
5425,7.392,8.598,10.37,0.054,0.05,-0.053,0.182,191.126626,0
5460,4.73,-4.695,16.684,0.056,-0.054,-0.054,0.109,191.53474599999998,0
5495,0.781,0.612,-2.651,0.066,0.081,0.061,0.117,191.53474599999998,0
5530,5.014,10.668,9.36,-0.059,-0.087,-0.08,0.108,191.53474599999998,0
5565,6.687,7.703,-6.597,-0.081,-0.121,-0.06,0.105,191.94683,0
5600,2.914,9.091,6.077,-0.157,-0.096,-0.14,0.123,191.94683,0
5635,2.198,4.32,1.889,-0.083,-0.092,-0.069,0.118,191.94683,0
5670,0.093,7.169,6.523,0.002,-0.025,-0.011,0.107,192.36307499999998,0
5705,5.137,4.433,-4.63,0.057,0.069,0.058,0.146,192.36307499999998,0
5740,5.798,0.114,4.964,-0.079,0.134,-0.05,0.104,192.36307499999998,0
5775,-0.012,0.733,-0.758,-0.031,0.048,-0.086,0.12,192.783613,0
5810,3.072,4.82,11.039,-0.104,0.063,-0.037,0.094,192.783613,0
5845,9.253,2.836,-7.219,-0.016,-0.071,0.027,0.097,192.783613,0
5880,-0.059,3.149,7.332,-0.086,0.057,-0.216,0.24,193.208515,0
5915,4.538,-7.635,-3.206,0.138,-0.003,0.041,0.104,193.208515,0
5950,4.814,8.641,15.057,-0.087,0.006,-0.148,0.134,193.208515,0
5985,8.538,5.114,-3.233,-0.071,-0.009,0.06,0.205,193.208515,0
6020,7.293,11.031,1.04,-0.088,-0.113,-0.034,0.103,193.637796,0
6055,1.132,3.128,4.183,-0.022,0.047,-0.109,0.124,193.637796,0
6090,3.927,2.516,-1.774,-0.084,-0.044,0.03,0.111,193.637796,0
6125,5.949,-9.043,0.095,0.125,0.147,0.008,0.114,194.071419,0
6160,6.475,4.566,18.518,0.155,0.057,0.053,0.113,194.071419,0
6195,9.688,0.946,-2.947,0.009,0.059,0.103,0.116,194.071419,0
6230,4.532,-3.502,16.23,0.106,-0.073,-0.025,0.113,194.509295,0
6265,4.751,-3.281,-2.411,0.078,0.081,0.017,0.114,194.509295,0
6300,7.293,5.175,15.213,-0.256,-0.287,-0.342,0.095,194.509295,0
6335,13.973,-7.015,-0.869,0.113,-0.045,0.193,0.146,194.951291,0
6370,4.585,-2.175,19.711,0.093,0.013,0.0,0.108,194.951291,0
6405,4.941,2.029,-7.051,0.074,0.128,0.121,0.092,194.951291,0
6440,11.684,-9.799,-1.401,0.06,-0.037,0.079,0.19,195.39723199999997,0
6475,9.448,-1.641,20.214,-0.102,-0.186,-0.258,0.08,195.39723199999997,0
6510,11.472,3.332,-6.706,-0.03,0.007,0.108,0.108,195.39723199999997,0
6545,5.966,2.863,13.806,0.01,0.055,-0.127,0.216,195.39723199999997,0
6580,1.405,6.022,-0.621,0.127,0.096,0.052,0.085,195.846902,0
6615,5.715,3.166,10.408,-0.041,0.14,-0.014,0.087,195.846902,0
6650,11.153,7.252,-3.118,-0.039,-0.105,0.037,0.128,195.846902,0
6685,11.278,2.187,-1.973,0.039,0.004,0.027,0.101,196.300051,0
6720,5.61,3.553,13.978,-0.029,-0.173,-0.081,0.122,196.300051,0
6755,3.004,5.954,-0.432,-0.01,0.07,-0.035,0.103,196.300051,0
6790,10.821,24.074,12.046,-0.116,0.068,-0.042,0.106,196.756396,0
6825,6.633,8.085,0.809,0.135,0.146,0.151,0.145,196.756396,0
6860,3.483,4.818,4.85,-0.075,-0.072,0.056,0.092,196.756396,0
6895,9.068,9.128,-2.936,-0.129,-0.049,-0.073,0.102,197.215623,0
6930,6.447,18.709,2.586,-0.2,-0.235,-0.14,0.086,197.215623,0
6965,0.31,-0.092,6.716,-0.093,0.031,-0.151,0.111,197.215623,0
7000,-1.659,9.467,-7.196,-0.092,0.072,-0.049,0.228,197.677393,0
7035,3.306,20.833,2.008,0.073,0.02,0.063,0.091,197.677393,0
7070,4.248,1.024,4.617,-0.067,-0.062,-0.032,0.103,197.677393,0
7105,7.344,5.629,5.436,0.031,-0.013,0.066,0.209,197.677393,0
7140,10.546,1.023,-5.453,0.199,0.104,0.144,0.103,198.14133900000002,0
7175,3.67,11.22,7.464,-0.063,0.034,-0.002,0.121,198.14133900000002,0
7210,0.532,2.87,-0.368,0.127,0.032,-0.023,0.14,198.14133900000002,0
7245,9.845,4.874,-6.63,0.135,0.05,0.152,0.1,198.607077,0
7280,4.444,10.816,5.506,0.142,0.112,0.166,0.136,198.607077,0
7315,-0.172,2.651,2.034,0.106,0.069,-0.046,0.115,198.607077,0
7350,7.441,-0.147,19.26,0.073,-0.043,-0.06,0.092,199.074199,0
7385,7.8,-1.691,-7.176,0.063,0.08,0.114,0.11,199.074199,0
7420,6.723,12.632,13.509,0.046,-0.031,0.012,0.111,199.074199,0
7455,7.471,-4.34,20.728,0.065,-0.061,-0.127,0.094,199.542285,0
7490,8.749,3.735,-7.975,-0.02,-0.102,-0.008,0.084,199.542285,0
7525,3.609,8.213,10.414,0.032,-0.001,0.026,0.092,199.542285,0
7560,-0.851,-3.466,-3.62,-0.023,0.057,-0.006,0.228,200.010896,0
7595,6.582,4.461,16.818,0.052,0.015,-0.026,0.094,200.010896,0
7630,9.245,-0.025,-8.412,0.015,0.08,0.09,0.098,200.010896,0
7665,12.233,6.511,16.09,0.1,0.013,0.0,0.231,200.010896,0
7700,4.163,3.323,13.891,-0.014,-0.01,0.058,0.092,200.479584,0
7735,10.368,-0.662,-7.076,-0.054,-0.081,-0.056,0.099,200.479584,0
7770,7.893,7.824,9.193,0.093,-0.002,0.064,0.142,200.479584,0
7805,11.43,-0.914,20.975,0.107,0.044,0.147,0.11,200.94788899999998,0
7840,6.242,3.068,-3.783,-0.204,-0.115,-0.158,0.097,200.94788899999998,0
7875,6.321,8.278,-0.437,-0.031,-0.004,0.148,0.1,200.94788899999998,0
7910,8.252,5.63,-5.806,0.066,-0.053,0.04,0.094,201.415343,0
7945,2.282,6.955,-1.191,0.034,0.026,0.077,0.104,201.415343,0
7980,3.7,8.97,8.081,-0.05,-0.079,-0.132,0.098,201.415343,0
8015,10.57,20.844,13.993,-0.07,-0.061,-0.09,0.114,201.881473,0
8050,4.421,5.746,0.822,0.044,0.09,0.021,0.084,201.881473,0
8085,8.062,-0.025,-6.927,-0.1,-0.147,0.024,0.086,201.881473,0
8120,5.059,16.93,-0.41,-0.071,-0.059,0.035,0.216,202.345801,0
8155,8.156,1.079,16.918,0.081,0.003,-0.078,0.113,202.345801,0
8190,6.183,0.421,-7.596,-0.061,-0.005,0.039,0.106,202.345801,0
8225,5.33,2.095,3.966,-0.133,-0.158,-0.025,0.238,202.345801,0
8260,8.534,-3.881,17.644,0.044,-0.033,-0.036,0.097,202.807844,0
8295,3.153,7.802,-1.136,-0.039,0.028,-0.038,0.108,202.807844,0
8330,3.566,3.178,-0.84,0.016,0.061,0.12,0.147,202.807844,0
8365,9.172,1.986,-9.339,-0.139,-0.148,-0.161,0.106,203.267122,0
8400,7.758,19.052,6.251,-0.007,-0.078,0.011,0.107,203.267122,0
8435,2.589,4.361,4.159,-0.207,0.032,-0.237,0.129,203.267122,0
8470,10.464,-0.715,20.858,0.152,-0.025,0.12,0.099,203.723152,0
8505,7.87,4.716,-5.983,-0.009,0.085,0.049,0.092,203.723152,0
8540,5.303,6.383,5.984,0.066,0.005,0.123,0.105,203.723152,0
8575,13.634,-8.576,-2.445,0.069,-0.088,0.205,0.122,204.175456,0
8610,7.995,0.317,15.004,-0.025,-0.097,-0.059,0.101,204.175456,0
8645,1.935,2.67,-3.899,-0.116,-0.043,-0.123,0.095,204.175456,0
8680,14.675,-10.877,-2.272,0.149,-0.014,0.026,0.19,204.623556,0
8715,10.306,5.208,14.786,0.104,-0.019,0.133,0.098,204.623556,0
8750,1.645,3.892,-0.555,-0.091,-0.059,-0.125,0.102,204.623556,0
8785,3.209,3.748,-0.144,-0.106,-0.099,0.042,0.199,204.623556,0
8820,7.994,13.471,13.213,0.067,0.024,0.019,0.111,205.066983,0
8855,2.693,5.789,1.101,-0.097,-0.092,-0.123,0.099,205.066983,0
8890,3.252,1.522,0.852,0.073,0.116,0.273,0.128,205.066983,0
8925,0.357,5.771,4.691,0.015,0.045,0.012,0.107,205.505271,0
8960,6.542,-0.898,-7.538,-0.029,-0.001,0.126,0.095,205.505271,0
8995,10.282,8.885,17.523,0.004,0.058,0.004,0.119,205.505271,0
9030,4.127,10.048,-1.993,0.09,0.109,0.112,0.095,205.93796300000002,0
9065,4.144,0.641,-7.537,-0.028,-0.034,0.062,0.109,205.93796300000002,0
9100,14.657,5.763,19.733,0.051,0.048,-0.021,0.09,205.93796300000002,0
9135,2.909,10.968,0.939,0.084,0.039,0.016,0.099,206.36460799999998,0
9170,3.758,0.053,-6.028,-0.013,-0.078,-0.037,0.084,206.36460799999998,0
9205,14.941,7.47,20.632,0.145,0.116,0.076,0.09,206.36460799999998,0
9240,3.344,10.345,-0.136,0.088,0.092,0.061,0.221,206.78476799999999,0
9275,6.014,-3.578,-3.92,0.041,-0.067,0.06,0.073,206.78476799999999,0
9310,15.255,7.132,22.101,0.108,0.0,0.005,0.09,206.78476799999999,0
9345,8.593,7.629,3.812,-0.101,-0.078,-0.047,0.143,206.78476799999999,0
9380,5.345,-2.622,-5.164,0.075,-0.047,0.046,0.098,207.198012,0
9415,14.391,8.966,21.364,0.129,0.09,-0.014,0.108,207.198012,0
9450,14.96,7.136,-4.667,-0.088,-0.016,0.025,0.153,207.198012,0
9485,3.628,13.337,-3.219,-0.005,0.036,0.019,0.123,207.603924,0
9520,2.61,2.553,-4.217,0.02,0.05,0.077,0.102,207.603924,0
9555,12.334,9.832,17.186,-0.033,0.154,-0.132,0.076,207.603924,0
9590,4.422,13.056,-1.825,0.104,0.16,0.178,0.106,208.002097,0
9625,1.281,2.652,-6.575,0.091,0.06,0.03,0.088,208.002097,0
9660,14.623,9.881,17.88,-0.038,0.044,-0.05,0.089,208.002097,0
9695,2.92,11.288,0.043,0.169,0.185,0.162,0.106,208.392138,0
9730,3.865,-2.99,-5.545,-0.002,-0.062,-0.021,0.089,208.392138,0
9765,18.365,5.765,22.147,0.21,0.087,0.017,0.1,208.392138,0
9800,0.009,8.756,5.168,0.028,0.039,0.035,0.206,208.77366999999998,0
9835,8.414,-4.243,-6.118,-0.042,-0.158,-0.047,0.088,208.77366999999998,0
9870,16.676,5.994,24.579,0.058,-0.021,-0.042,0.086,208.77366999999998,0
9905,3.005,4.427,2.406,-0.003,-0.017,-0.023,0.116,208.77366999999998,0
9940,6.298,5.255,19.39,0.002,-0.002,-0.011,0.109,209.14632799999998,0
9975,13.044,0.751,-7.834,-0.009,0.078,0.109,0.108,209.14632799999998,0
10010,10.477,6.534,16.718,0.084,-0.061,-0.16,0.145,209.14632799999998,0
10045,17.962,5.822,23.325,0.044,-0.077,-0.019,0.123,209.50976400000002,0
10080,7.167,5.956,-2.895,-0.041,-0.025,-0.023,0.106,209.50976400000002,0
10115,-0.849,0.899,3.353,-0.046,-0.044,0.076,0.101,209.50976400000002,0
10150,15.947,15.298,20.5,0.008,-0.048,-0.044,0.105,209.86364300000002,0
10185,8.163,11.109,-1.497,0.04,0.012,-0.011,0.096,209.86364300000002,0
10220,-1.432,0.963,2.446,0.048,-0.026,0.189,0.085,209.86364300000002,0
10255,14.323,7.052,22.794,-0.059,-0.119,-0.016,0.1,210.207649,0
10290,7.906,10.486,-3.427,0.184,0.113,0.07,0.093,210.207649,0
10325,-1.484,3.886,4.201,-0.006,-0.042,0.062,0.078,210.207649,0
10360,8.455,-11.415,-2.643,0.15,0.23,0.151,0.197,210.541483,0
10395,11.869,7.746,16.331,0.095,0.04,0.169,0.117,210.541483,0
10430,7.735,1.999,-1.141,0.02,0.035,-0.01,0.089,210.541483,0
10465,0.848,1.718,0.164,-0.007,0.009,0.004,-0.004,210.541483,0
10500,7.949,-6.594,-2.717,0.124,0.135,0.138,0.09,210.86486100000002,0
10535,13.105,8.696,18.63,0.003,-0.091,0.014,0.087,210.86486100000002,0
10570,8.154,2.5,-1.987,0.038,0.09,0.091,0.134,210.86486100000002,0
10605,8.605,-7.758,-1.186,0.0,-0.038,-0.002,0.095,211.177517,0
10640,11.83,7.655,21.471,0.028,-0.01,0.102,0.088,211.177517,0
10675,8.654,4.966,-1.923,-0.019,0.025,-0.047,0.096,211.177517,0
10710,12.672,5.039,-5.257,0.053,-0.052,0.07,0.114,211.47920599999998,0
10745,-0.639,1.97,0.996,0.03,0.091,0.161,0.113,211.47920599999998,0
10780,-1.765,6.34,5.526,-0.079,0.085,-0.186,0.092,211.47920599999998,0
10815,12.714,9.248,-7.915,0.056,0.006,0.028,0.111,211.769698,0
10850,-0.016,6.986,2.496,-0.011,0.046,0.085,0.086,211.769698,0
10885,-3.145,3.865,5.901,-0.09,0.08,-0.2,0.07,211.769698,0
10920,-4.402,3.037,-3.59,-0.078,-0.156,-0.254,0.187,212.048781,0
10955,18.472,-3.432,24.887,0.035,-0.018,-0.105,0.082,212.048781,0
10990,9.311,5.734,-5.161,-0.057,-0.051,-0.015,0.079,212.048781,0
11025,-1.078,-0.825,0.38,0.055,0.067,0.054,-0.004,212.048781,0
11060,4.455,3.113,13.705,-0.088,-0.065,0.002,0.095,212.31626599999998,0
11095,13.367,-0.783,-7.062,-0.007,-0.012,0.056,0.08,212.31626599999998,0
11130,6.786,6.151,3.752,0.035,-0.086,0.022,0.125,212.31626599999998,0
11165,13.548,-5.824,-1.349,0.085,-0.132,0.167,0.092,212.571978,0
11200,3.775,3.648,14.808,0.027,0.003,-0.002,0.109,212.571978,0
11235,-4.854,3.293,5.917,0.023,0.041,-0.048,0.075,212.571978,0
11270,4.067,-7.004,-6.915,0.101,-0.061,-0.072,0.08,212.815764,0
11305,15.877,9.98,21.919,0.046,-0.037,0.088,0.084,212.815764,0
11340,-0.949,-1.051,2.37,0.033,0.046,-0.025,0.093,212.815764,0
11375,-5.006,-8.924,-3.437,0.066,-0.042,-0.034,0.1,213.04748899999998,0
11410,10.689,11.273,12.327,0.08,-0.08,0.031,0.075,213.04748899999998,0
11445,2.792,-1.97,2.631,-0.17,0.083,-0.16,0.067,213.04748899999998,0
11480,15.402,-11.259,-1.373,0.188,-0.077,0.263,0.197,213.267038,0
11515,3.162,15.17,7.901,-0.116,0.092,0.055,0.088,213.267038,0
11550,6.612,10.774,14.095,-0.004,-0.053,-0.083,0.073,213.267038,0
11585,0.978,1.569,0.82,-0.023,-0.02,-0.006,-0.004,213.267038,0
11620,-2.52,6.818,-0.828,0.112,0.084,0.17,0.082,213.474314,0
11655,10.464,11.949,19.467,0.081,0.007,-0.031,0.084,213.474314,0
11690,5.886,-0.919,0.318,0.111,0.109,0.043,0.121,213.474314,0
11725,6.465,0.268,-2.797,-0.008,-0.139,0.009,0.102,213.669241,0
11760,5.65,7.457,14.841,0.033,0.106,0.109,0.108,213.669241,0
11795,8.136,11.173,14.657,-0.013,-0.006,-0.162,0.07,213.669241,0
11830,13.725,-2.502,-6.611,-0.075,-0.061,-0.056,0.083,213.85176,0
11865,4.95,7.272,-2.258,0.071,0.019,0.102,0.08,213.85176,0
11900,9.461,1.159,16.113,-0.018,-0.01,-0.118,0.079,213.85176,0
11935,2.612,14.698,-3.631,-0.021,0.111,0.143,0.106,214.021834,0
11970,14.624,-0.465,-4.554,-0.024,0.075,-0.011,0.074,214.021834,0
12005,5.544,12.179,8.827,0.185,0.045,0.129,0.067,214.021834,0
12040,8.088,-2.598,19.92,-0.124,-0.111,0.036,0.18,214.179442,0
12075,11.68,2.981,-1.916,-0.029,0.093,0.092,0.088,214.179442,0
12110,15.917,6.898,-7.401,-0.079,-0.103,0.071,0.081,214.179442,0
12145,0.826,0.521,-0.145,0.048,0.059,0.056,-0.004,214.179442,0
12180,3.863,5.751,16.576,-0.131,-0.117,-0.054,0.086,214.32458400000002,0
12215,9.898,3.624,-2.693,-0.019,0.074,0.004,0.099,214.32458400000002,0
12250,14.791,12.487,-4.487,-0.347,-0.182,-0.066,0.151,214.32458400000002,0
12285,8.734,5.899,16.29,-0.017,-0.034,0.014,0.092,214.457278,0
12320,2.401,9.646,12.159,0.034,0.111,0.026,0.092,214.457278,0
12355,13.387,4.254,-3.07,0.062,0.103,0.049,0.094,214.457278,0
12390,5.84,28.91,2.302,0.067,0.075,0.134,0.086,214.577561,0
12425,13.971,-2.111,22.166,-0.024,-0.03,-0.138,0.101,214.577561,0
12460,-5.253,1.964,1.779,0.084,0.063,-0.058,0.087,214.577561,0
12495,6.744,-10.701,-5.907,0.204,-0.042,-0.017,0.094,214.685487,0
12530,13.241,25.454,15.043,-0.018,0.046,0.077,0.074,214.685487,0
12565,9.472,5.859,12.813,-0.054,0.057,-0.175,0.068,214.685487,0
12600,5.363,-16.054,-1.717,-0.057,0.024,-0.182,0.183,214.78113100000002,0
12635,1.869,15.624,3.01,0.091,0.007,0.054,0.089,214.78113100000002,0
12670,16.915,9.436,23.177,-0.08,0.041,-0.172,0.081,214.78113100000002,0
12705,12.861,4.336,-4.576,0.081,-0.001,-0.031,0.218,214.78113100000002,0
12740,-7.708,3.361,-0.33,-0.064,-0.084,-0.08,0.096,214.864584,0
12775,14.321,8.0,21.202,-0.023,-0.043,0.015,0.093,214.864584,0
12810,2.774,-3.241,1.986,0.069,0.023,-0.108,0.111,214.864584,0
12845,3.775,3.378,-2.623,0.112,0.027,0.033,0.083,214.935954,0
12880,7.657,7.502,14.446,-0.034,0.021,-0.044,0.096,214.935954,0
12915,-6.007,6.381,9.159,0.05,0.019,-0.056,0.081,214.935954,0
12950,6.948,-8.592,-4.936,0.04,-0.125,-0.042,0.08,214.99536899999998,0
12985,17.059,17.129,22.583,-0.066,-0.031,-0.019,0.103,214.99536899999998,0
13020,2.287,2.233,6.551,0.045,0.248,-0.05,0.077,214.99536899999998,0
13055,14.991,-4.736,26.015,-0.054,-0.003,0.142,0.129,215.04297100000002,0
13090,-2.598,8.184,6.847,0.131,0.097,0.103,0.078,215.04297100000002,0
13125,15.302,2.67,-9.48,-0.044,0.05,0.048,0.065,215.04297100000002,0
13160,23.116,14.928,27.21,-0.128,-0.183,-0.001,0.243,215.07892099999998,0
13195,-1.897,0.997,10.043,-0.159,-0.037,-0.334,0.098,215.07892099999998,0
13230,6.474,3.218,-7.079,-0.036,-0.016,-0.058,0.076,215.07892099999998,0
13265,-3.649,-0.725,-4.134,-0.107,-0.222,0.083,0.241,215.07892099999998,0
13300,12.711,3.652,23.87,-0.207,-0.067,-0.157,0.092,215.103397,0
13335,13.584,4.825,-7.583,-0.009,0.033,0.0,0.097,215.103397,0
13370,-5.756,0.489,-4.394,-0.064,-0.002,0.162,0.142,215.103397,0
13405,16.574,3.837,27.991,0.064,0.068,0.072,0.094,215.116591,0
13440,12.304,4.091,-1.508,-0.074,0.073,0.009,0.099,215.116591,0
13475,6.631,8.508,-3.111,0.066,-0.157,0.121,0.09,215.116591,0
13510,17.45,4.378,24.61,0.082,-0.152,0.1,0.089,215.118712,0
13545,12.966,2.041,3.137,-0.034,0.014,0.094,0.079,215.118712,0
13580,16.465,12.715,-5.404,-0.121,-0.121,0.172,0.127,215.118712,0
13615,16.061,-3.361,25.659,0.191,0.035,0.074,0.139,215.118712,0
13650,-5.458,7.456,9.13,0.037,0.114,-0.041,0.09,215.118712,0
13685,20.191,2.823,-10.597,-0.092,0.028,-0.024,0.11,215.118712,0
13720,19.331,28.356,23.976,-0.297,0.06,0.031,0.223,215.118712,0
13755,-1.903,3.7,11.367,0.001,0.082,-0.138,0.101,215.118712,0
13790,8.735,0.645,-8.024,-0.019,0.062,0.011,0.09,215.118712,0
13825,-1.131,-1.814,2.865,-0.077,-0.121,0.087,0.246,215.118712,0
13860,11.539,3.43,20.441,-0.142,-0.036,-0.132,0.075,215.118712,0
13895,17.032,6.902,-8.892,-0.079,-0.009,0.023,0.115,215.118712,0
13930,-8.91,-1.783,0.242,0.057,-0.116,0.17,0.186,215.118712,0
13965,3.823,9.127,-7.176,-0.133,-0.085,-0.252,0.087,215.118712,0
14000,-3.485,0.534,-2.424,-0.038,-0.081,0.007,0.115,215.118712,0
14035,27.378,11.56,29.464,0.011,-0.013,-0.088,0.099,215.118712,0
14070,5.369,2.528,-4.1,-0.05,-0.098,-0.048,0.101,215.118712,0
14105,18.077,1.113,26.198,0.021,0.051,0.008,0.105,215.118712,0
14140,-3.574,2.751,2.328,-0.055,0.005,-0.099,0.086,215.118712,0
14175,-8.085,-0.49,-2.92,-0.01,-0.028,-0.127,0.111,215.118712,0
14210,28.66,7.061,31.789,0.113,-0.065,-0.097,0.09,215.118712,0
14245,5.014,-1.574,-3.724,-0.152,-0.026,-0.121,0.084,215.118712,0
14280,13.242,-1.994,21.02,0.026,0.119,0.23,0.193,215.118712,0
14315,20.231,0.011,-3.823,0.107,-0.024,0.111,0.103,215.118712,0
14350,19.587,3.496,22.603,0.185,0.199,0.054,0.092,215.118712,0
14385,9.32,7.811,1.009,0.049,0.102,0.099,0.182,215.118712,0
14420,-2.741,10.289,-4.543,0.018,0.032,0.001,0.106,215.118712,0
14455,-9.639,-3.743,-1.179,-0.1,0.027,0.037,0.081,215.118712,0
14490,7.565,7.175,10.041,-0.009,0.013,-0.208,0.156,215.118712,0
14525,14.324,11.137,18.874,-0.215,-0.141,-0.153,0.086,215.118712,0
14560,1.606,6.752,-4.192,0.124,0.12,-0.041,0.144,215.118712,0
14595,-5.207,-3.513,0.834,-0.062,-0.009,0.094,0.11,215.118712,0
14630,-0.17,21.134,0.244,0.044,0.155,0.192,0.071,215.118712,0
14665,-5.152,3.898,5.286,0.072,0.006,-0.08,0.087,215.118712,0
14700,-5.451,-1.754,-3.301,-0.012,-0.043,0.025,0.111,215.118712,0
14735,-6.795,4.452,-2.741,0.027,0.023,0.07,0.092,215.207263,0
14770,3.662,7.547,13.242,-0.063,0.016,-0.062,0.091,215.207263,0
14805,6.393,0.175,-4.138,0.112,0.042,0.141,0.083,215.207263,0
14840,-1.483,2.718,11.208,0.081,0.188,-0.024,0.122,215.440252,0
14875,11.051,-2.418,-6.075,0.083,-0.106,0.151,0.088,215.440252,0
14910,22.545,11.765,27.697,-0.095,-0.098,-0.296,0.088,215.440252,0
14945,0.293,2.724,1.328,0.021,0.028,0.021,-0.004,215.661617,0
14980,25.035,16.057,24.595,0.01,-0.037,0.014,0.09,215.661617,0
15015,14.195,2.778,-7.605,-0.053,-0.015,0.025,0.117,215.661617,0
15050,-4.613,-6.324,5.404,0.202,0.038,0.18,0.167,215.661617,0
15085,4.347,27.142,0.888,-0.108,-0.101,-0.047,0.081,215.871448,0
15120,1.289,-1.252,6.366,0.061,0.076,-0.025,0.105,215.871448,0
15155,-4.967,7.601,-1.906,0.0,0.0,0.216,0.139,215.871448,0
15190,-2.569,9.242,-4.273,0.202,-0.069,0.005,0.086,216.069853,0
15225,10.938,5.451,16.025,-0.134,0.015,-0.2,0.105,216.069853,0
15260,9.051,8.247,-4.578,-0.158,-0.02,0.173,0.101,216.069853,0
15295,17.614,-6.137,-5.529,0.29,-0.147,0.062,0.088,216.256955,0
15330,24.534,2.545,27.544,-0.107,-0.079,-0.158,0.094,216.256955,0
15365,14.587,8.095,-13.537,-0.012,0.023,0.084,0.108,216.256955,0
15400,16.603,30.055,19.247,-0.201,0.048,0.011,0.131,216.432895,0
15435,16.109,6.486,-2.731,0.027,-0.006,0.042,0.113,216.432895,0
15470,-5.657,4.799,4.589,0.176,-0.055,0.14,0.093,216.432895,0
15505,0.155,3.552,1.638,0.005,-0.012,-0.029,-0.004,216.597827,0
15540,-1.266,0.018,6.243,0.048,-0.002,-0.102,0.117,216.597827,0
15575,-0.082,0.589,-8.169,0.043,-0.098,0.073,0.091,216.597827,0
15610,17.255,16.731,21.894,-0.034,0.082,-0.192,0.187,216.597827,0
15645,18.255,-4.7,28.961,-0.066,0.076,-0.131,0.087,216.751922,0
15680,13.536,2.8,-9.32,-0.123,-0.142,-0.086,0.101,216.751922,0
15715,12.244,10.115,14.238,-0.073,-0.07,-0.275,0.107,216.751922,0
15750,23.512,0.462,31.688,0.041,0.067,0.041,0.08,216.895367,0
15785,6.549,10.231,-5.968,0.038,0.108,0.062,0.104,216.895367,0
15820,-2.664,-2.904,2.54,0.209,0.097,0.15,0.117,216.895367,0
15855,4.442,5.443,2.123,-0.056,0.183,0.232,0.089,217.02836,0
15890,-4.57,-3.626,-5.848,0.018,-0.033,0.144,0.106,217.02836,0
15925,11.09,9.976,18.42,0.033,0.034,-0.184,0.099,217.02836,0
15960,6.047,-1.067,17.976,-0.092,0.095,-0.14,0.164,217.151116,0
15995,-5.22,-8.286,-4.749,-0.088,-0.126,0.042,0.109,217.151116,0
16030,17.288,15.054,25.316,-0.007,-0.147,-0.19,0.092,217.151116,0
16065,1.242,3.931,1.559,0.012,-0.004,-0.013,-0.004,217.26386300000001,0
16100,4.999,13.345,-10.579,-0.124,0.016,-0.113,0.095,217.26386300000001,0
16135,-11.506,-2.477,-2.169,-0.07,-0.053,0.046,0.108,217.26386300000001,0
16170,17.859,18.112,18.961,0.018,0.106,-0.189,0.171,217.26386300000001,0
16205,18.733,5.767,29.363,-0.041,-0.011,-0.062,0.099,217.366841,0
16240,15.657,-0.214,-7.9,-0.055,0.048,-0.009,0.105,217.366841,0
16275,9.53,6.778,15.262,-0.014,-0.196,-0.008,0.11,217.366841,0
16310,19.867,8.712,25.091,-0.069,-0.061,0.171,0.094,217.460305,0
16345,6.87,3.934,-1.041,-0.202,0.016,-0.162,0.107,217.460305,0
16380,0.788,3.623,5.14,0.081,-0.054,0.07,0.129,217.460305,0
16415,-12.53,-7.253,-5.36,0.137,-0.124,-0.197,0.07,217.54451899999998,0
16450,26.917,11.679,31.961,-0.067,0.018,-0.103,0.099,217.54451899999998,0
16485,27.938,7.439,-13.641,0.0,0.148,0.211,0.085,217.54451899999998,0
16520,9.499,6.565,-10.637,-0.089,0.086,0.018,0.128,217.61976299999998,0
16555,0.728,18.963,0.304,0.056,-0.044,0.096,0.126,217.61976299999998,0
16590,14.5,6.268,20.619,-0.017,0.136,-0.163,0.071,217.61976299999998,0
16625,0.69,1.781,-0.516,0.0,-0.004,-0.016,-0.004,217.686325,0
16660,29.269,4.154,-8.053,0.014,0.002,0.173,0.097,217.686325,0
16695,7.982,11.15,16.441,-0.082,-0.143,-0.177,0.124,217.686325,0
16730,-9.771,1.371,4.702,0.137,-0.036,-0.128,0.165,217.686325,0
16765,4.406,4.065,2.926,-0.072,0.111,0.015,0.076,217.744506,0
16800,-3.053,-2.202,-8.743,-0.02,-0.109,0.122,0.104,217.744506,0
16835,22.312,13.294,22.448,-0.028,0.019,-0.103,0.123,217.744506,0
16870,1.97,6.28,0.989,0.004,0.249,0.228,0.068,217.794618,0
16905,-1.647,-4.362,-7.875,-0.1,-0.156,-0.008,0.089,217.794618,0
16940,22.608,10.87,25.568,-0.001,0.063,-0.081,0.092,217.794618,0
16975,28.687,-3.359,36.438,-0.151,-0.142,-0.239,0.08,217.83697999999998,0
17010,7.4,9.861,-7.601,-0.122,-0.081,-0.137,0.094,217.83697999999998,0
17045,-7.231,-1.737,4.067,0.04,-0.043,-0.001,0.093,217.83697999999998,0
17080,-7.754,15.728,-0.662,0.104,-0.03,0.193,0.129,217.871925,0
17115,2.878,7.553,17.263,-0.248,-0.122,-0.292,0.085,217.871925,0
17150,11.245,-1.362,-12.529,0.148,0.21,0.216,0.094,217.871925,0
17185,13.825,-6.889,-4.066,-0.186,-0.036,-0.196,0.181,217.899792,0
17220,17.253,14.61,21.823,0.163,-0.004,0.073,0.093,217.899792,0
17255,7.045,0.304,-0.541,-0.024,0.004,-0.096,0.092,217.899792,0
17290,1.152,2.816,5.4,-0.041,-0.077,0.04,0.161,217.899792,0
17325,27.544,3.729,33.011,0.048,0.063,0.033,0.087,217.92093,0
17360,6.277,7.453,-5.64,-0.007,-0.024,-0.116,0.094,217.92093,0
17395,-8.631,-3.44,1.173,0.059,0.015,0.204,0.106,217.92093,0
17430,-9.501,5.753,-3.826,0.088,-0.014,-0.014,0.076,217.935697,0
17465,15.562,13.1,24.083,-0.005,-0.032,-0.086,0.084,217.935697,0
17500,19.992,9.11,-7.729,-0.088,-0.079,-0.09,0.105,217.935697,0
17535,11.952,2.29,-8.611,-0.01,0.026,0.098,0.095,217.944456,0
17570,0.803,10.524,10.596,0.046,0.021,0.124,0.078,217.944456,0
17605,-2.869,-0.728,1.885,0.116,-0.017,-0.095,0.089,217.944456,0
17640,-5.07,9.804,1.087,0.062,0.095,0.034,0.158,217.947582,0
17675,-6.306,-8.367,-8.039,-0.028,-0.139,-0.106,0.099,217.947582,0
17710,34.842,17.602,36.351,0.091,0.112,0.016,0.089,217.947582,0
17745,1.253,-0.717,3.09,0.043,0.041,0.04,-0.004,217.947582,0
17780,34.701,2.338,38.277,0.043,-0.009,-0.052,0.087,217.947582,0
17815,13.43,7.535,-9.859,0.039,0.114,0.147,0.094,217.947582,0
17850,-4.762,-4.41,4.697,0.117,-0.049,-0.005,0.132,217.947582,0
17885,16.718,2.844,-11.864,-0.079,-0.049,-0.153,0.069,217.947582,0
17920,26.318,10.402,25.742,0.093,0.028,0.008,0.073,217.947582,0
17955,20.387,5.619,-8.201,-0.135,-0.031,-0.007,0.105,217.947582,0
17990,9.451,27.087,15.173,0.018,0.121,0.124,0.092,217.947582,0
18025,1.632,4.848,-0.599,-0.073,-0.075,-0.083,0.088,217.947582,0
18060,-14.426,-2.748,1.083,-0.036,-0.11,-0.045,0.093,217.947582,0
18095,6.545,9.796,-5.633,-0.014,0.11,0.104,0.083,217.947582,0
18130,-7.395,5.28,-1.277,0.017,-0.207,-0.037,0.095,217.947582,0
18165,5.009,0.719,9.696,-0.015,0.025,-0.304,0.155,217.947582,0
18200,25.671,20.169,25.414,-0.071,-0.112,0.002,0.163,217.947582,0
18235,14.303,8.844,-7.607,0.015,0.127,0.135,0.107,217.947582,0
18270,-9.884,-2.694,0.985,-0.015,-0.062,0.141,0.103,217.947582,0
18305,-2.223,-0.521,0.191,-0.04,-0.032,-0.049,-0.004,217.947582,0
18340,19.184,0.425,-11.291,0.092,0.08,0.05,0.087,217.947582,0
18375,10.321,17.296,16.876,0.101,-0.071,-0.007,0.098,217.947582,0
18410,-5.835,-2.703,2.873,0.061,0.078,0.012,0.17,217.947582,0
18445,11.135,-8.047,-3.687,0.143,-0.085,-0.135,0.105,217.947582,0
18480,15.956,11.043,22.228,0.064,-0.058,-0.073,0.099,217.947582,0
18515,1.303,-0.019,-0.346,-0.028,0.072,-0.015,0.094,217.947582,0
18550,-2.027,2.741,11.1,-0.011,-0.03,-0.205,0.106,217.947582,0
18585,13.613,-1.103,-9.65,-0.059,0.053,0.045,0.088,217.947582,0
18620,23.32,14.083,25.823,0.037,-0.105,-0.077,0.102,217.947582,0
18655,-4.141,-0.141,8.717,-0.033,0.154,0.046,0.089,217.947582,0
18690,7.903,-5.197,-7.377,0.089,0.031,0.07,0.115,217.947582,0
18725,14.197,11.905,25.546,-0.095,-0.157,-0.18,0.104,217.947582,0
18760,4.71,0.964,19.898,-0.282,0.174,0.061,0.125,217.947582,0
18795,24.004,1.046,-9.394,-0.143,0.138,0.174,0.102,217.947582,0
18830,6.59,7.172,19.572,0.035,0.024,0.02,0.126,217.947582,0
18865,-0.9,0.728,-0.336,0.108,0.1,0.092,-0.004,217.947582,0
18900,15.961,4.163,-13.072,-0.061,0.034,-0.07,0.104,217.947582,0
18935,-9.728,-0.23,-1.833,0.13,-0.072,0.106,0.121,217.947582,0
18970,35.438,22.719,31.857,-0.056,0.116,-0.041,0.163,217.947582,0
19005,38.166,3.624,36.38,0.246,-0.087,0.048,0.085,217.947582,0
19040,21.885,7.096,-11.083,-0.176,0.0,-0.082,0.096,217.947582,0
19075,3.254,-4.024,17.885,0.115,-0.111,0.009,0.108,217.947582,0
19110,-3.938,3.579,10.193,0.057,0.057,0.117,0.104,217.947582,0
19145,4.274,-4.1,-11.588,-0.048,-0.085,-0.015,0.108,217.947582,0
19180,32.613,16.094,32.034,-0.157,-0.277,-0.258,0.091,217.947582,0
19215,11.467,11.581,-6.395,0.053,-0.027,-0.079,0.082,217.947582,0
19250,-14.371,-1.718,-3.854,0.03,-0.209,-0.13,0.094,217.947582,0
19285,15.086,12.796,20.667,-0.013,0.088,-0.086,0.101,217.947582,0
19320,19.13,-1.052,-13.283,0.033,-0.019,-0.091,0.129,217.947582,0
19355,15.499,23.78,19.958,-0.131,-0.073,-0.021,0.099,217.947582,0
19390,5.973,-2.48,2.034,0.022,0.096,0.0,0.092,217.947582,0
19425,-0.552,-0.014,0.514,0.006,0.015,0.016,-0.005,217.947582,0
19460,9.669,-7.546,-6.372,-0.074,-0.294,-0.2,0.1,217.947582,0
19495,36.652,12.901,35.64,-0.006,0.07,0.127,0.071,217.947582,0
19530,14.692,5.276,-7.597,-0.011,0.0,-0.064,0.189,217.947582,0
19565,18.742,1.379,28.288,-0.088,0.11,0.02,0.092,217.947582,0
19600,19.838,3.957,-10.246,-0.081,0.103,0.042,0.104,217.947582,0
19635,11.321,3.981,19.143,0.146,-0.044,0.104,0.087,217.947582,0
19670,-0.263,6.454,1.811,-0.054,0.009,0.098,0.115,217.947582,0
19705,0.831,-2.302,-10.42,0.062,-0.003,0.271,0.09,217.947582,0
19740,39.95,16.043,36.13,0.18,0.151,-0.04,0.086,217.947582,0
19775,10.638,15.263,-13.347,-0.029,0.182,-0.007,0.107,217.947582,0
19810,-17.01,-0.479,-3.026,0.049,-0.122,-0.045,0.109,217.947582,0
19845,15.575,11.845,18.755,0.097,0.216,-0.114,0.123,217.947582,0
19880,38.074,1.426,38.633,0.187,0.139,0.293,0.14,217.947582,0
19915,18.554,6.988,-11.963,-0.023,0.133,0.047,0.101,217.947582,0
19950,-4.219,4.283,8.983,0.219,0.018,0.205,0.144,217.947582,0
19985,-0.85,-0.203,0.39,0.021,0.023,0.005,-0.004,217.947582,0
20020,26.012,18.613,29.912,-0.15,-0.016,-0.019,0.086,217.947582,0
20055,8.404,4.337,-0.635,0.181,0.073,0.061,0.092,217.947582,0
20090,-17.934,3.731,-2.042,0.001,-0.033,0.237,0.144,217.947582,0
20125,26.649,13.383,-14.062,-0.142,0.154,-0.091,0.107,217.947582,0
20160,-10.033,3.905,3.596,0.062,-0.1,0.068,0.122,217.947582,0
20195,2.76,9.596,11.864,-0.027,-0.027,-0.318,0.079,217.947582,0
20230,11.966,28.066,21.98,-0.04,-0.001,0.209,0.1,217.947582,0
20265,-8.05,2.491,4.127,0.045,0.05,-0.057,0.091,217.947582,0
20300,-12.83,1.878,-4.382,-0.038,0.02,0.202,0.098,217.947582,0
20335,30.024,24.726,30.559,-0.371,-0.087,-0.024,0.097,217.947582,0
20370,7.909,5.596,-0.319,-0.007,-0.071,-0.164,0.095,217.947582,0
20405,-16.464,-0.091,3.261,0.079,-0.212,0.045,0.117,217.947582,0
20440,24.47,12.051,-18.92,-0.022,0.013,-0.181,0.126,217.947582,0
20475,-8.261,11.544,1.843,0.07,-0.007,0.137,0.098,217.947582,0
20510,-3.877,5.18,15.749,0.016,0.039,-0.034,0.109,217.947582,0
20545,0.588,2.224,2.114,-0.017,-0.047,-0.034,-0.005,217.947582,0
20580,4.541,11.266,-7.056,0.016,0.034,-0.139,0.094,217.947582,0
20615,-17.877,-2.537,-5.178,0.01,0.001,0.121,0.09,217.947582,0
20650,45.527,25.281,36.807,0.091,0.078,-0.088,0.12,217.947582,0
20685,-16.344,14.656,-3.621,0.069,-0.131,0.013,0.11,217.947582,0
20720,4.588,7.106,19.152,-0.205,-0.134,-0.238,0.076,217.947582,0
20755,19.368,14.787,-9.559,-0.063,-0.039,0.248,0.107,217.947582,0
20790,-5.806,5.528,10.32,-0.03,0.091,-0.099,0.112,217.947582,0
20825,3.018,-1.346,-10.434,0.119,-0.007,0.177,0.112,217.947582,0
20860,48.125,16.922,37.363,-0.074,0.037,-0.102,0.089,217.947582,0
20895,-17.248,-0.309,-4.862,0.28,-0.068,-0.127,0.088,217.947582,0
20930,37.009,11.164,37.988,0.114,0.084,0.039,0.11,217.947582,0
20965,29.192,9.423,-18.185,0.079,0.197,0.111,0.119,217.947582,0
21000,0.943,-1.044,18.113,0.038,0.139,-0.179,0.159,217.947582,0
21035,11.499,-1.953,-8.64,0.005,-0.053,0.016,0.098,217.947582,0
21070,31.576,18.314,35.828,-0.086,0.186,0.042,0.11,217.947582,0
21105,-0.5,0.87,1.692,0.066,0.036,0.041,-0.004,217.947582,0
21140,41.877,8.452,39.37,0.079,-0.132,-0.055,0.085,217.947582,0
21175,24.509,4.526,-14.93,-0.099,0.08,-0.029,0.091,217.947582,0
21210,1.881,-6.642,13.057,0.081,-0.257,-0.133,0.138,217.947582,0
21245,27.017,4.651,-13.081,0.063,0.116,-0.052,0.096,217.947582,0
21280,7.885,15.779,18.755,0.059,-0.095,0.03,0.085,217.947582,0
21315,-3.847,-2.891,5.508,-0.072,0.056,-0.048,0.135,217.947582,0
21350,38.676,11.004,39.785,-0.105,-0.06,0.091,0.127,217.947582,0
21385,12.068,4.681,-3.345,0.044,0.005,-0.15,0.103,217.947582,0
21420,-21.296,-2.675,3.066,-0.058,-0.17,0.176,0.119,217.947582,0
21455,44.465,4.078,39.045,0.174,-0.146,-0.015,0.078,217.947582,0
21490,29.512,3.079,-10.379,-0.026,0.079,0.157,0.145,217.947582,0
21525,49.151,20.826,38.018,0.05,0.169,0.062,0.121,217.947582,0
21560,25.427,6.581,-19.534,-0.176,-0.153,-0.288,0.186,217.947582,0
21595,41.333,8.648,36.131,0.001,-0.077,-0.127,0.101,217.947582,0
21630,27.136,7.69,-20.605,-0.125,0.094,0.133,0.09,217.947582,0
21665,-0.987,-0.672,-0.483,-0.085,-0.083,-0.095,-0.004,217.947582,0
21700,11.109,9.738,-6.921,0.019,0.024,-0.142,0.118,217.947582,0
21735,10.88,10.103,20.353,-0.048,-0.138,-0.026,0.091,217.947582,0
21770,30.755,4.35,-11.473,0.002,-0.06,0.039,0.142,217.947582,0
21805,23.124,10.234,-12.967,-0.022,0.167,0.287,0.144,217.947582,0
21840,20.324,17.884,26.229,-0.096,-0.073,-0.12,0.122,217.947582,0
21875,36.675,10.119,-15.895,-0.04,0.145,0.071,0.104,217.947582,0
21910,26.678,8.67,-17.868,-0.116,0.247,-0.001,0.112,217.947582,0
21945,42.424,13.798,37.799,-0.031,0.053,0.006,0.108,217.947582,0
21980,32.323,15.404,-14.453,-0.058,0.034,0.096,0.115,217.947582,0
22015,28.187,0.847,-16.042,0.152,0.023,-0.039,0.112,218.049397,0
22050,55.823,10.774,44.969,0.072,0.098,0.113,0.102,218.049397,0
22085,13.729,8.67,-12.91,0.053,0.024,0.208,0.097,218.049397,0
22120,14.482,11.606,-15.914,-0.146,0.196,0.11,0.173,218.16386,0
22155,24.157,24.615,24.798,-0.087,-0.031,0.102,0.115,218.16386,0
22190,33.524,2.827,-17.876,-0.097,0.105,0.089,0.101,218.16386,0
22225,42.214,15.58,40.342,0.015,0.072,-0.09,0.186,218.16386,0
22260,34.699,22.452,33.392,-0.255,-0.153,-0.007,0.101,218.289085,0
22295,35.231,5.707,-17.218,-0.09,-0.004,-0.045,0.097,218.289085,0
22330,51.272,21.346,37.814,0.043,-0.006,0.048,0.123,218.289085,0
22365,40.586,12.362,37.513,0.059,-0.057,0.026,0.128,218.425389,0
22400,32.761,8.153,-18.192,0.055,0.045,0.01,0.108,218.425389,0
22435,59.437,22.204,41.435,0.17,0.101,-0.293,0.101,218.425389,0
22470,40.482,11.84,37.003,-0.226,-0.049,0.306,0.129,218.57308,0
22505,33.248,8.693,-16.377,-0.014,0.047,0.032,0.094,218.57308,0
22540,57.778,21.072,42.057,0.146,0.076,0.039,0.114,218.57308,0
22575,44.902,7.011,38.431,0.119,0.01,-0.034,0.146,218.732459,0
22610,24.449,1.286,-12.563,0.055,0.245,0.137,0.084,218.732459,0
22645,47.474,25.978,41.93,-0.12,0.076,-0.233,0.104,218.732459,0
22680,1.879,2.86,0.313,0.076,0.086,0.089,-0.004,218.903816,0
22715,19.105,-4.124,-8.22,-0.141,-0.088,-0.157,0.095,218.903816,0
22750,51.656,24.31,42.314,-0.172,-0.015,-0.077,0.074,218.903816,0
22785,-1.007,9.921,-8.083,-0.119,0.066,0.308,0.17,218.903816,0
22820,19.477,-7.378,-6.664,-0.058,0.073,-0.067,0.094,219.087434,0
22855,43.669,22.404,36.517,-0.034,0.037,-0.184,0.09,219.087434,0
22890,2.688,10.266,-8.928,-0.119,0.063,0.299,0.092,219.087434,0
22925,14.079,-10.406,-5.676,-0.013,-0.091,-0.053,0.103,219.283586,0
22960,41.927,19.464,39.238,-0.1,-0.05,-0.123,0.088,219.283586,0
22995,-6.638,8.894,-7.281,-0.057,-0.12,0.1,0.114,219.283586,0
23030,-18.97,-3.884,-5.35,0.165,-0.174,-0.231,0.125,219.49253700000003,0
23065,-6.543,0.01,9.767,0.28,0.191,0.212,0.109,219.49253700000003,0
23100,-19.063,-3.558,6.821,0.045,-0.116,0.079,0.083,219.49253700000003,0
23135,-25.074,5.187,-2.655,0.317,-0.132,-0.151,0.153,219.714542,0
23170,-6.099,2.038,4.811,0.03,0.058,0.005,0.13,219.714542,0
23205,-15.547,-1.237,7.647,0.1,0.085,0.106,0.097,219.714542,0
23240,0.33,0.656,0.762,-0.001,-0.014,-0.028,-0.004,219.94984599999998,0
23275,-7.31,1.465,7.108,-0.003,-0.057,0.008,0.125,219.94984599999998,0
23310,-19.815,-7.163,-0.686,-0.048,-0.097,0.012,0.088,219.94984599999998,0
23345,-10.441,-1.318,3.803,0.181,0.222,0.101,0.112,219.94984599999998,0
23380,20.738,26.815,27.165,-0.21,-0.193,-0.253,0.12,220.198686,0
23415,29.527,7.59,-18.527,0.024,0.183,0.083,0.093,220.198686,0
23450,40.494,15.605,36.081,-0.016,0.033,-0.296,0.101,220.198686,0
23485,-10.282,29.45,4.092,-0.135,-0.1,0.084,0.114,220.461288,0
23520,10.678,3.437,-1.771,-0.02,0.026,-0.109,0.132,220.461288,0
23555,-3.577,-4.896,15.731,-0.065,-0.16,-0.103,0.119,220.461288,0
23590,-26.645,2.4,-5.06,0.407,-0.006,-0.091,0.127,220.737867,0
23625,-6.916,-0.529,13.833,-0.085,0.055,-0.081,0.169,220.737867,0
23660,-20.835,-2.614,9.228,0.091,-0.047,0.256,0.114,220.737867,0
23695,-4.386,-18.29,-7.768,0.041,-0.105,0.126,0.137,221.028631,0
23730,30.407,10.013,36.376,0.113,0.087,-0.097,0.097,221.028631,0
23765,-7.419,3.297,-12.716,0.002,-0.086,0.107,0.084,221.028631,0
23800,8.581,0.4,27.741,0.01,0.17,-0.28,0.198,221.333776,0
23835,-17.785,-7.845,-8.092,0.029,-0.097,0.075,0.15,221.333776,0
23870,0.874,6.141,20.213,-0.1,-0.05,-0.227,0.079,221.333776,0
23905,-26.756,1.589,-1.0,0.073,-0.025,0.323,0.21,221.333776,0
23940,-10.452,3.669,7.722,0.177,-0.013,-0.016,0.122,221.65348799999998,0
23975,-21.584,-2.017,-0.051,0.211,-0.089,0.168,0.128,221.65348799999998,0
24010,-12.315,-5.848,7.348,-0.016,0.004,-0.139,0.1,221.65348799999998,0
24045,13.896,2.71,29.668,0.075,0.174,0.048,0.121,221.987943,0
24080,-13.479,-5.692,-9.443,0.07,-0.019,0.193,0.104,221.987943,0
24115,13.5,8.299,18.334,0.034,0.102,-0.059,0.115,221.987943,0
24150,47.047,4.684,45.394,0.02,0.164,0.182,0.109,222.337306,0
24185,1.721,-4.464,-10.901,0.055,0.022,0.139,0.149,222.337306,0
24220,35.295,17.662,30.12,0.006,0.237,-0.035,0.081,222.337306,0
24255,16.442,41.861,25.43,0.191,0.2,-0.083,0.115,222.701732,0
24290,32.363,7.313,-14.998,-0.103,0.124,0.017,0.113,222.701732,0
24325,35.916,18.064,41.697,0.022,-0.015,0.042,0.1,222.701732,0
24360,-15.226,39.335,6.854,-0.109,-0.127,-0.235,0.18,223.081366,0
24395,13.071,11.883,-7.971,0.109,0.165,0.02,0.12,223.081366,0
24430,-0.106,6.656,17.712,0.199,-0.163,-0.045,0.077,223.081366,0
24465,5.83,-3.646,-1.003,0.151,0.085,-0.002,0.233,223.081366,0
24500,-10.998,2.908,9.436,0.079,0.073,-0.093,0.124,223.476342,0
24535,-22.696,-2.352,2.128,0.022,-0.128,0.172,0.131,223.476342,0
24570,-14.692,-7.242,5.896,0.148,0.066,-0.029,0.084,223.476342,0
24605,27.33,14.896,-17.057,-0.06,0.17,-0.006,0.104,223.88678199999998,0
24640,31.444,19.759,36.255,-0.104,-0.123,-0.131,0.114,223.88678199999998,0
24675,46.193,8.401,-17.538,0.061,0.194,0.189,0.122,223.88678199999998,0
24710,-20.612,-10.518,-4.461,0.043,-0.134,-0.188,0.125,224.31279899999998,0
24745,1.185,5.043,24.526,0.121,-0.009,-0.113,0.1,224.31279899999998,0
24780,-31.927,-7.112,4.036,0.043,-0.377,-0.05,0.102,224.31279899999998,0
24815,-10.082,1.163,12.593,0.126,0.229,-0.023,0.163,224.75449500000002,0
24850,-27.449,0.579,-0.074,0.006,-0.273,0.038,0.091,224.75449500000002,0
24885,-14.46,-6.721,10.091,0.051,0.112,-0.015,0.068,224.75449500000002,0
24920,1.151,0.909,2.601,-0.099,-0.124,-0.112,-0.004,225.362396,0
24955,16.317,27.531,25.442,0.014,-0.039,0.029,0.111,225.362396,0
24990,22.532,3.358,-14.678,-0.09,0.002,-0.05,0.085,225.362396,0
25025,25.111,-3.379,31.373,0.079,-0.053,-0.075,0.134,225.362396,0
25060,12.691,-9.551,-9.527,0.054,-0.167,-0.277,0.092,226.11764399999998,0
25095,25.926,20.734,29.098,-0.044,-0.086,-0.046,0.105,226.11764399999998,0
25130,-15.602,-5.657,5.901,0.128,0.096,-0.08,0.111,226.11764399999998,0
25165,38.278,13.043,-24.874,0.086,0.276,-0.225,0.126,226.89107,0
25200,-24.074,-8.277,0.335,0.258,-0.128,-0.032,0.105,226.89107,0
25235,48.348,27.554,35.26,0.046,0.181,-0.172,0.098,226.89107,0
25270,-14.566,32.116,5.92,-0.072,-0.202,0.041,0.124,227.682543,0
25305,26.343,9.989,33.602,-0.09,0.045,-0.043,0.111,227.682543,0
25340,40.513,9.277,-26.815,0.023,0.054,-0.101,0.092,227.682543,0
25375,-15.994,-24.361,-5.836,0.148,-0.203,-0.144,0.209,228.49192,0
25410,55.512,18.796,44.821,0.068,0.029,-0.121,0.074,228.49192,0
25445,0.149,-4.41,4.011,0.048,-0.003,0.029,0.083,228.49192,0
25480,-2.524,18.103,-11.762,-0.175,0.187,0.428,0.187,228.49192,0
25515,-10.93,-16.175,-7.184,0.227,0.008,0.006,0.1,229.31904500000002,0
25550,41.422,21.1,37.746,-0.035,0.031,-0.03,0.095,229.31904500000002,0
25585,-14.099,-9.115,8.283,0.262,0.124,0.083,0.107,229.31904500000002,0
25620,67.696,1.849,54.387,0.068,0.105,0.138,0.104,230.16375299999999,0
25655,17.966,7.138,-8.196,0.155,0.246,0.118,0.105,230.16375299999999,0
25690,-36.451,-2.212,-2.827,-0.046,-0.174,0.115,0.085,230.16375299999999,0
25725,-3.521,35.289,11.829,0.149,-0.216,-0.233,0.107,231.025864,0
25760,13.145,7.272,29.549,-0.036,-0.025,-0.355,0.081,231.025864,0
25795,47.097,12.897,-21.015,-0.05,-0.1,0.003,0.106,231.025864,0
25830,-6.28,39.092,11.514,0.204,-0.145,-0.136,0.159,231.905188,0
25865,13.554,8.983,28.95,-0.005,0.122,-0.163,0.087,231.905188,0
25900,38.773,5.821,-26.419,-0.063,0.044,0.081,0.107,231.905188,0
25935,1.214,-0.782,0.591,-0.038,-0.051,-0.043,-0.004,232.801524,0
25970,-15.62,-10.454,-6.084,0.086,-0.178,0.159,0.093,232.801524,0
26005,48.658,16.584,39.995,-0.121,-0.014,-0.064,0.083,232.801524,0
26040,-17.853,-3.052,3.418,-0.002,-0.091,-0.309,0.161,232.801524,0
26075,59.204,6.525,51.886,0.107,-0.01,-0.261,0.105,233.71465999999998,0
26110,40.068,5.555,-19.586,-0.131,0.092,0.052,0.116,233.71465999999998,0
26145,-29.026,-7.487,2.352,-0.245,0.037,0.393,0.092,233.71465999999998,0
26180,37.079,3.446,-18.27,-0.245,0.064,-0.097,0.118,234.64437199999998,0
26215,-25.122,0.471,0.258,0.091,-0.096,0.059,0.116,234.64437199999998,0
26250,67.838,29.563,42.51,0.002,0.16,-0.247,0.078,234.64437199999998,0
26285,-4.555,8.378,2.104,0.045,0.17,0.029,0.099,235.59042699999998,0
26320,1.332,-3.677,-8.885,0.186,0.069,0.156,0.099,235.59042699999998,0
26355,36.488,17.197,39.457,0.065,0.021,0.14,0.089,235.59042699999998,0
26390,57.733,26.01,44.061,-0.531,-0.147,0.268,0.158,236.552579,0
26425,-8.77,0.024,7.417,0.075,0.17,0.092,0.104,236.552579,0
26460,0.364,4.095,-16.431,-0.093,-0.008,0.179,0.087,236.552579,0
26495,0.416,1.811,-0.211,0.065,0.075,0.068,-0.004,236.552579,0
26530,37.233,28.415,33.216,0.037,-0.159,-0.105,0.084,237.530573,0
26565,-11.703,-7.321,14.894,0.006,-0.012,-0.169,0.093,237.530573,0
26600,10.132,14.556,-14.253,0.01,-0.073,0.259,0.12,237.530573,0
26635,26.039,5.912,37.213,-0.243,0.115,0.01,0.085,238.524146,0
26670,47.857,12.714,-21.681,-0.232,-0.208,0.001,0.106,238.524146,0
26705,-16.694,-9.149,12.591,0.257,-0.166,-0.04,0.1,238.524146,0
26740,-27.471,-15.787,-6.285,0.063,-0.003,0.092,0.095,239.53302200000002,0
26775,74.923,23.525,53.074,0.033,0.048,0.119,0.08,239.53302200000002,0
26810,12.123,-4.527,-6.36,0.065,0.134,-0.075,0.103,239.53302200000002,0
26845,10.152,4.98,31.657,-0.13,0.094,0.047,0.108,240.556916,0
26880,43.048,6.658,-20.414,-0.015,0.072,0.031,0.096,240.556916,0
26915,-12.675,1.473,15.027,0.3,-0.167,0.144,0.081,240.556916,0
26950,-15.334,44.062,10.683,0.106,-0.045,0.073,0.216,241.595536,0
26985,17.388,8.395,33.466,-0.001,0.014,-0.179,0.078,241.595536,0
27020,45.399,6.573,-25.568,-0.232,-0.023,-0.045,0.091,241.595536,0
27055,-18.708,-15.57,19.688,0.437,-0.123,0.172,0.15,241.595536,0
27090,21.217,16.042,-13.826,0.084,0.21,-0.069,0.099,242.648578,0
27125,-35.644,-7.394,-5.941,0.088,-0.07,0.111,0.11,242.648578,0
27160,86.585,35.2,53.175,0.06,-0.02,-0.285,0.115,242.648578,0
27195,24.781,31.781,33.36,-0.078,0.053,0.053,0.103,243.715731,0
27230,-11.803,0.478,15.324,0.069,0.123,0.053,0.087,243.715731,0
27265,23.956,12.22,-14.47,0.019,-0.259,0.042,0.103,243.715731,0
27300,33.213,12.397,-22.184,0.045,0.175,-0.004,0.099,244.796675,0
27335,-38.102,-10.334,-5.3,0.103,0.011,0.088,0.096,244.796675,0
27370,73.09,27.64,49.799,0.014,0.053,-0.146,0.081,244.796675,0
27405,89.968,8.204,64.867,-0.084,-0.302,0.047,0.135,245.89108,0
27440,28.128,8.015,-13.654,-0.104,0.083,0.127,0.086,245.89108,0
27475,-37.946,-7.465,-5.223,-0.081,-0.263,-0.02,0.08,245.89108,0
27510,0.959,2.315,-0.513,0.048,0.043,0.053,-0.005,245.89108,0
27545,47.792,23.032,39.753,-0.268,-0.191,0.037,0.08,246.998612,0
27580,-10.589,-3.869,8.639,0.094,0.076,-0.017,0.082,246.998612,0
27615,-0.028,19.159,-15.431,-0.364,0.108,0.196,0.128,246.998612,0
27650,-17.569,-17.11,-5.941,0.228,-0.084,-0.165,0.094,248.118924,0
27685,52.676,22.192,41.674,-0.167,-0.145,0.161,0.109,248.118924,0
27720,-2.304,-4.667,-0.036,0.077,-0.034,-0.153,0.097,248.118924,0
27755,14.258,14.61,-7.507,0.373,0.207,-0.104,0.103,249.251666,0
27790,-23.553,-9.705,-8.995,0.049,0.03,0.22,0.101,249.251666,0
27825,62.117,26.719,48.023,-0.265,0.066,0.087,0.099,249.251666,0
27860,81.323,11.622,61.78,-0.102,-0.292,-0.019,0.113,250.396477,0
27895,26.001,6.334,-11.75,0.031,0.245,0.208,0.107,250.396477,0
27930,-39.291,0.707,2.183,-0.046,-0.22,0.018,0.107,250.396477,0
27965,-45.147,1.372,-3.962,0.221,-0.339,-0.216,0.215,251.55299300000001,0
28000,57.032,15.892,50.656,-0.04,-0.054,-0.047,0.09,251.55299300000001,0
28035,49.945,6.328,-23.974,-0.239,0.085,-0.235,0.088,251.55299300000001,0
28070,1.712,3.622,1.151,-0.062,-0.068,-0.07,-0.004,251.55299300000001,0
28105,-26.43,9.822,2.644,-0.08,0.018,0.058,0.12,252.720839,0
28140,32.408,20.699,42.664,-0.235,0.145,0.03,0.098,252.720839,0
28175,64.067,18.011,-19.41,-0.182,0.189,0.513,0.121,252.720839,0
28210,13.365,14.889,-11.851,0.03,0.11,-0.195,0.111,253.89963699999998,0
28245,-33.805,-9.49,-3.209,0.102,0.008,0.047,0.117,253.89963699999998,0
28280,80.594,30.343,53.054,0.001,0.117,-0.302,0.101,253.89963699999998,0
28315,-38.664,7.407,-1.814,0.388,-0.063,0.102,0.147,255.08900200000002,0
28350,53.5,19.252,50.093,0.201,0.042,-0.054,0.095,255.08900200000002,0
28385,54.155,15.535,-26.111,-0.021,0.008,0.005,0.102,255.08900200000002,0
28420,-46.222,-6.162,-4.168,0.194,-0.097,-0.002,0.134,256.288542,0
28455,73.98,25.767,54.453,-0.175,-0.011,-0.036,0.086,256.288542,0
28490,44.684,3.407,-24.523,-0.092,0.124,0.046,0.086,256.288542,0
28525,55.053,13.646,-28.641,0.034,0.04,-0.337,0.201,257.497861,0
28560,-29.191,7.858,1.328,-0.159,-0.223,-0.195,0.07,257.497861,0
28595,29.388,19.567,43.57,0.041,0.022,-0.156,0.106,257.497861,0
28630,64.323,20.102,-20.205,-0.262,0.184,0.254,0.181,257.497861,0
28665,-28.117,-18.006,-7.026,0.159,-0.083,0.097,0.085,258.71655599999997,0
28700,83.423,33.087,53.919,0.005,-0.13,-0.259,0.099,258.71655599999997,0
28735,57.268,12.565,-22.382,-0.121,0.196,0.059,0.114,258.71655599999997,0
28770,85.267,7.506,62.279,-0.048,0.136,0.204,0.102,259.94422199999997,0
28805,36.616,8.684,-22.735,-0.003,0.163,-0.143,0.102,259.94422199999997,0
28840,-33.918,-15.65,4.352,0.138,-0.14,0.077,0.097,259.94422199999997,0
28875,41.397,11.903,-26.303,-0.108,0.204,-0.07,0.103,261.18044599999996,0
28910,-40.396,-10.058,-0.076,0.105,-0.203,-0.015,0.087,261.18044599999996,0
28945,66.918,29.79,48.549,-0.095,0.267,-0.08,0.096,261.18044599999996,0
28980,27.63,10.056,-25.177,-0.097,0.315,0.046,0.155,262.424812,0
29015,-48.52,-11.1,-8.366,-0.132,-0.208,-0.058,0.086,262.424812,0
29050,87.831,38.467,62.488,-0.104,0.11,-0.13,0.117,262.424812,0
29085,1.375,-0.32,-0.49,0.027,0.034,0.029,-0.005,263.676902,0
29120,-20.357,-15.956,-8.519,0.14,-0.104,0.2,0.082,263.676902,0
29155,68.859,25.56,53.026,0.159,-0.087,-0.157,0.087,263.676902,0
29190,-2.63,-6.071,-1.323,0.317,0.392,0.336,0.158,263.676902,0
29225,-19.007,-23.698,-9.852,0.21,-0.022,0.269,0.096,264.936292,0
29260,67.951,25.124,51.567,0.007,0.143,0.21,0.107,264.936292,0
29295,-6.58,-10.812,3.963,0.047,-0.208,-0.519,0.104,264.936292,0
29330,51.618,32.592,45.54,-0.274,-0.174,0.311,0.101,266.202554,0
29365,-16.051,-3.225,15.867,-0.18,-0.133,-0.324,0.082,266.202554,0
29400,0.164,17.031,-15.144,-0.151,-0.1,-0.052,0.102,266.202554,0
29435,-22.555,36.771,10.581,0.165,-0.233,-0.286,0.113,267.475259,0
29470,25.412,12.406,44.396,-0.109,0.148,-0.136,0.086,267.475259,0
29505,60.287,14.094,-33.256,-0.032,0.217,0.292,0.097,267.475259,0
29540,-57.927,0.824,-4.595,0.182,-0.296,-0.076,0.189,268.75397399999997,0
29575,81.479,19.765,65.153,-0.023,0.077,0.057,0.069,268.75397399999997,0
29610,56.5,5.219,-26.472,-0.054,0.348,0.045,0.106,268.75397399999997,0
29645,-37.18,-19.053,5.823,-0.091,0.047,0.23,0.182,268.75397399999997,0
29680,-42.627,5.103,-6.055,0.119,-0.279,-0.015,0.093,270.038264,0
29715,67.549,27.254,53.046,-0.062,-0.164,-0.153,0.096,270.038264,0
29750,67.219,12.161,-27.024,0.011,0.187,0.176,0.104,270.038264,0
29785,-47.606,-5.822,-11.249,-0.267,-0.485,-0.133,0.113,271.32769099999996,0
29820,96.536,30.9,61.96,0.02,0.078,-0.072,0.098,271.32769099999996,0
29855,30.899,-1.806,-13.805,-0.057,0.011,-0.173,0.095,271.32769099999996,0
29890,8.376,-11.928,-14.505,-0.097,-0.052,0.224,0.109,272.62181699999996,0
29925,54.319,24.088,40.926,-0.066,0.062,0.298,0.09,272.62181699999996,0
29960,-18.929,-13.3,1.647,0.033,0.142,0.128,0.094,272.62181699999996,0
29995,99.616,9.889,68.862,-0.123,-0.153,0.024,0.163,273.9202,0
30030,32.71,9.387,-17.034,-0.041,0.17,0.067,0.077,273.9202,0
30065,-52.7,-10.952,-3.881,-0.132,-0.085,0.379,0.093,273.9202,0
30100,0.483,0.659,2.104,-0.044,-0.059,-0.05,-0.004,275.222398,0
30135,-52.577,-14.464,-8.401,0.168,-0.142,0.042,0.092,275.222398,0
30170,104.66,36.67,64.745,-0.053,0.159,0.021,0.088,275.222398,0
30205,35.982,-0.926,-11.092,0.002,0.032,-0.173,0.189,275.222398,0
30240,-9.209,-17.016,-10.448,0.143,-0.213,-0.214,0.116,276.527968,0
30275,57.618,19.602,41.438,0.195,0.052,-0.019,0.093,276.527968,0
30310,-26.158,-6.668,7.414,0.026,0.064,0.037,0.094,276.527968,0
30345,40.566,-2.891,-17.805,-0.029,0.212,-0.226,0.118,277.83646799999997,0
30380,-9.94,10.863,13.684,-0.024,-0.118,0.065,0.087,277.83646799999997,0
30415,1.114,6.347,19.353,-0.202,-0.095,-0.166,0.109,277.83646799999997,0
30450,52.542,7.811,54.981,0.312,0.356,0.222,0.109,279.147452,0
30485,58.076,11.742,-25.478,0.039,0.088,-0.029,0.084,279.147452,0
30520,-28.853,-1.634,16.78,0.035,-0.293,-0.056,0.09,279.147452,0
30555,54.927,13.393,-31.155,-0.261,0.291,-0.102,0.173,280.46047699999997,0
30590,-45.961,0.521,-3.69,0.139,-0.17,0.154,0.082,280.46047699999997,0
30625,74.46,36.83,58.72,0.145,0.246,-0.198,0.098,280.46047699999997,0
30660,70.278,13.867,-25.824,-0.065,0.179,0.146,0.209,280.46047699999997,0
30695,-53.287,-18.472,-8.164,-0.24,-0.191,0.077,0.093,281.775099,0
30730,93.662,35.091,59.18,0.108,0.048,-0.132,0.097,281.775099,0
30765,24.867,-1.206,-7.839,-0.057,0.173,0.016,0.094,281.775099,0
30800,-3.291,-12.37,-15.072,0.035,-0.063,0.023,0.106,283.090875,0
30835,65.981,25.634,43.562,-0.042,0.125,-0.187,0.087,283.090875,0
30870,-15.673,-11.44,5.179,0.114,0.156,-0.033,0.103,283.090875,0
30905,4.033,-10.27,-14.259,0.13,-0.061,0.072,0.105,284.40736300000003,0
30940,73.415,25.615,50.048,-0.336,0.153,0.224,0.086,284.40736300000003,0
30975,-14.799,-11.303,1.842,-0.146,0.161,-0.035,0.103,284.40736300000003,0
31010,1.492,59.165,19.64,0.172,-0.081,-0.132,0.136,285.72412199999997,1
31045,-14.189,0.026,26.284,0.035,-0.098,-0.025,0.087,285.72412199999997,1
31080,33.629,13.414,-25.212,-0.123,0.187,0.223,0.093,285.72412199999997,1
31115,1.36,5.675,-1.662,-0.004,-0.003,-0.008,-0.004,285.72412199999997,1
31150,46.661,9.928,51.88,-0.002,0.244,0.105,0.083,287.040712,1
31185,62.959,12.529,-31.15,0.045,0.045,0.037,0.11,287.040712,1
31220,-32.733,-18.324,10.723,0.278,-0.383,-0.157,0.101,287.040712,1
31255,98.197,16.963,65.508,0.162,-0.187,-0.065,0.114,288.356696,1
31290,32.159,8.067,-16.555,0.022,0.094,0.091,0.095,288.356696,1
31325,-58.865,-12.59,2.659,-0.203,-0.428,0.045,0.099,288.356696,1
31360,100.36,8.871,72.253,-0.225,-0.006,0.234,0.091,289.67163800000003,1
31395,57.027,11.664,-23.341,-0.051,0.287,0.102,0.099,289.67163800000003,1
31430,-41.895,-15.969,12.028,0.138,-0.363,-0.125,0.12,289.67163800000003,1
31465,115.56,12.773,79.273,0.341,0.091,-0.046,0.11,290.985104,1
31500,38.982,6.7,-15.492,0.032,0.174,0.103,0.094,290.985104,1
31535,-60.391,-7.439,-2.024,-0.027,-0.331,0.11,0.103,290.985104,1
31570,1.042,0.236,2.658,-0.037,-0.054,-0.05,-0.004,292.29666399999996,1
31605,6.12,10.373,-8.761,0.026,0.029,-0.148,0.091,292.29666399999996,1
31640,-52.873,-7.636,-4.079,-0.114,-0.363,-0.178,0.109,292.29666399999996,1
31675,113.67,48.819,62.05,-0.096,0.056,-0.465,0.125,292.29666399999996,1
31710,-61.298,-10.004,-7.599,0.133,-0.271,-0.243,0.107,293.60588900000005,1
31745,93.055,33.011,64.518,-0.405,0.135,0.067,0.106,293.60588900000005,1
31780,69.563,14.776,-26.405,-0.369,0.092,-0.174,0.122,293.60588900000005,1
31815,28.951,16.682,-14.876,-0.152,0.092,0.054,0.101,294.912356,1
31850,-56.615,-15.365,-3.504,-0.018,-0.198,-0.215,0.114,294.912356,1
31885,105.41,43.256,60.206,-0.285,0.179,-0.219,0.097,294.912356,1
31920,-6.918,13.627,-5.146,-0.039,0.332,-0.023,0.101,296.215643,1
31955,-35.144,-11.9,-10.467,-0.016,-0.134,0.166,0.097,296.215643,1
31990,96.041,27.921,66.625,-0.056,0.218,-0.125,0.113,296.215643,1
32025,61.407,15.673,-33.345,-0.813,0.087,0.417,0.122,297.515333,1
32060,-44.234,-2.921,-1.313,0.396,-0.245,-0.104,0.11,297.515333,1
32095,51.606,24.158,54.288,-0.009,0.079,-0.055,0.096,297.515333,1
32130,0.923,0.639,2.115,0.022,0.009,0.004,-0.004,298.811012,1
32165,58.842,10.766,-21.961,-0.239,-0.069,0.107,0.098,298.811012,1
32200,-8.488,5.564,23.323,-0.025,-0.218,-0.037,0.101,298.811012,1
32235,-10.078,1.197,20.892,-0.138,0.061,-0.197,0.161,298.811012,1
32270,-21.028,-1.802,2.802,0.02,0.35,0.185,0.1,300.102271,1
32305,-41.273,-10.966,-11.239,0.034,-0.328,0.089,0.098,300.102271,1
32340,105.6,41.359,53.103,-0.035,0.289,0.163,0.096,300.102271,1
32375,15.52,12.895,-12.853,0.128,0.12,-0.057,0.122,301.388706,1
32410,-53.797,-16.131,-6.215,-0.022,-0.362,-0.273,0.11,301.388706,1
32445,64.837,27.934,45.919,0.65,-0.351,-0.273,0.124,301.388706,1
32480,76.764,19.984,52.339,-0.105,0.054,0.024,0.114,302.669916,1
32515,27.097,5.954,-17.221,-0.091,0.152,0.03,0.096,302.669916,1
32550,-50.988,-13.225,2.468,0.427,0.077,0.151,0.119,302.669916,1
32585,58.396,19.771,-38.777,0.187,0.553,-0.705,0.166,303.945508,1
32620,-37.288,4.71,2.908,-0.226,-0.101,0.072,0.112,303.945508,1
32655,-6.631,1.603,27.037,-0.327,-0.185,-0.287,0.103,303.945508,1
32690,-15.582,7.092,-3.622,-0.319,0.049,-0.058,0.167,303.945508,1
32725,-20.812,2.088,0.974,-0.347,0.184,0.003,0.123,305.21509100000003,1
32760,-39.66,-7.342,-14.378,-0.054,-0.212,0.184,0.117,305.21509100000003,1
32795,113.28,43.923,59.805,-0.248,0.364,0.21,0.129,305.21509100000003,1
32830,-2.332,35.117,23.012,0.101,0.069,-0.029,0.126,306.47828100000004,1
32865,-24.037,-2.257,18.48,0.175,-0.158,-0.142,0.139,306.47828100000004,1
32900,-11.554,8.105,-13.64,-0.437,-0.161,0.393,0.163,306.47828100000004,1
32935,64.537,15.675,-33.743,0.115,0.05,-0.497,0.121,307.734701,1
32970,-18.235,9.738,12.765,0.138,-0.138,-0.023,0.123,307.734701,1
33005,-13.014,-4.639,18.025,-0.031,-0.017,-0.069,0.124,307.734701,1
33040,128.52,7.109,82.5,0.628,-0.109,-0.072,0.138,308.983979,1
33075,62.694,14.414,-30.116,-0.084,0.324,-0.159,0.14,308.983979,1
33110,-36.857,-6.992,12.768,-0.07,-0.48,0.026,0.152,308.983979,1
33145,-7.597,-14.118,-7.706,0.365,-0.052,-0.777,0.222,310.225748,1
33180,114.42,25.735,68.754,-0.092,0.065,0.39,0.139,310.225748,1
33215,64.789,8.865,-27.597,-0.233,0.169,-0.084,0.115,310.225748,1
33250,-39.176,-25.256,17.367,0.276,-0.424,0.009,0.194,310.225748,1
33285,-13.392,3.559,5.988,0.096,0.123,-0.071,0.109,311.459649,1
33320,-49.065,-9.468,-8.536,0.059,-0.304,0.186,0.147,311.459649,1
33355,107.45,45.164,57.975,-0.071,0.168,0.004,0.137,311.459649,1
33390,21.214,40.97,30.186,0.191,0.081,-0.008,0.148,312.685329,1
33425,-13.03,-7.771,12.625,0.203,0.094,-0.064,0.147,312.685329,1
33460,-60.338,1.858,-2.636,0.023,-0.336,0.059,0.14,312.685329,1
33495,36.052,11.641,-25.244,0.174,0.328,0.265,0.13,313.902443,1
33530,-51.317,-11.578,-3.642,0.172,-0.132,-0.019,0.125,313.902443,1
33565,36.456,13.535,37.855,0.073,0.19,-0.222,0.143,313.902443,1
33600,81.179,32.985,52.693,-0.392,0.057,0.095,0.157,315.11065099999996,1
33635,16.2,5.743,-12.614,-0.078,-0.031,-0.008,0.166,315.11065099999996,1
33670,-63.676,-10.762,-3.478,0.132,0.122,-0.107,0.152,315.11065099999996,1
33705,-0.532,2.411,1.413,-0.019,-0.028,-0.017,-0.004,315.11065099999996,1
33740,-11.638,3.33,23.498,0.139,-0.055,-0.037,0.184,316.309623,1
33775,5.779,5.351,-21.213,0.099,0.045,0.018,0.15,316.309623,1
33810,95.12,30.403,62.33,0.085,-0.162,-0.457,0.16,316.309623,1
33845,0.264,11.906,-3.512,-0.118,0.111,0.02,0.133,317.499034,1
33880,-53.558,-10.576,-3.633,0.085,-0.036,0.285,0.167,317.499034,1
33915,92.343,39.765,49.646,0.054,0.375,0.04,0.162,317.499034,1
33950,33.432,11.113,-24.171,-0.395,0.097,0.184,0.141,318.67856900000004,1
33985,-52.332,-11.626,-0.223,0.063,-0.242,0.019,0.205,318.67856900000004,1
34020,18.826,12.414,28.766,-0.24,-0.23,-0.601,0.2,318.67856900000004,1
34055,66.959,35.601,42.889,-0.705,0.139,-0.003,0.172,319.84791800000005,1
34090,21.723,3.902,-5.041,0.049,0.178,0.084,0.185,319.84791800000005,1
34125,-62.602,-7.66,-1.379,-0.248,-0.387,-0.025,0.204,319.84791800000005,1
34160,16.525,-13.867,-14.524,0.081,-0.022,-0.286,0.282,321.006782,1
34195,87.933,30.889,54.017,-0.301,0.004,-0.09,0.142,321.006782,1
34230,25.923,-3.745,-5.949,-0.13,0.095,0.123,0.141,321.006782,1
34265,-56.986,-14.884,2.548,0.031,-0.151,-0.1,0.234,321.006782,1
34300,114.13,20.703,71.105,0.079,0.016,-0.075,0.181,322.15486799999996,1
34335,63.94,11.282,-29.745,-0.096,0.113,0.03,0.169,322.15486799999996,1
34370,-29.896,-24.201,15.597,-0.02,-0.488,0.269,0.206,322.15486799999996,1
34405,28.211,6.808,38.581,0.02,0.023,0.222,0.292,323.29189299999996,1
34440,35.979,9.465,-20.728,-0.382,-0.038,0.069,0.273,323.29189299999996,1
34475,61.624,13.284,40.605,-0.052,0.201,0.005,0.207,323.29189299999996,1
34510,-18.88,32.007,13.064,0.027,-0.28,0.01,0.16,324.417582,1
34545,-9.876,-6.046,20.619,0.049,0.101,-0.086,0.185,324.417582,1
34580,-16.493,14.363,-10.343,-0.151,-0.166,0.2,0.257,324.417582,1
34615,97.331,10.357,60.276,-0.532,0.035,0.389,0.228,325.53166899999997,1
34650,54.665,16.578,-22.773,-0.114,-0.053,-0.223,0.275,325.53166899999997,1
34685,-19.394,1.947,16.035,0.203,-0.266,-0.37,0.238,325.53166899999997,1
34720,-0.483,2.517,1.369,0.046,0.025,0.032,-0.005,326.63389500000005,1
34755,-40.501,-17.623,-5.605,0.065,0.066,0.31,0.27,326.63389500000005,1
34790,98.719,36.26,52.081,0.116,0.037,-0.021,0.271,326.63389500000005,1
34825,64.845,7.068,-19.047,0.073,0.203,-0.168,0.288,326.63389500000005,1
34860,22.066,-4.79,-11.738,0.245,-0.08,-0.265,0.212,327.724013,1
34895,44.326,15.775,36.178,-0.117,-0.107,0.021,0.241,327.724013,1
34930,-15.201,-7.242,2.1,0.374,0.087,-0.062,0.28,327.724013,1
34965,39.935,11.509,37.583,0.118,-0.041,0.22,0.247,328.801784,1
35000,47.292,12.395,-20.46,-0.178,0.305,0.205,0.341,328.801784,1
35035,11.343,-7.365,27.767,0.263,0.226,-0.097,0.278,328.801784,1
35070,68.948,19.778,41.108,-0.502,-0.077,0.212,0.215,329.866976,1
35105,7.573,1.304,-4.462,0.14,0.089,-0.045,0.207,329.866976,1
35140,-59.656,-8.24,0.594,-0.293,-0.384,0.308,0.333,329.866976,1
35175,55.432,6.308,49.514,0.129,-0.082,-0.167,0.289,330.91937099999996,1
35210,56.639,12.223,-17.707,0.064,0.05,0.09,0.461,330.91937099999996,1
35245,-1.146,-2.123,25.183,0.072,-0.256,0.031,0.344,330.91937099999996,1
